2026-07-07 10:53:46,885  DEBUG     asyncio  __init__:633  Using proactor: IocpProactor
2026-07-07 10:53:47,229  INFO      adobe_downloader.flows.rsid_update  run_rsid_update:158  Fetching report suites...
2026-07-07 10:53:47,240  DEBUG     httpcore.connection  atrace:87  connect_tcp.started host='ims-na1.adobelogin.com' port=443 local_address=None timeout=600 socket_options=None
2026-07-07 10:53:47,272  DEBUG     httpcore.connection  atrace:87  connect_tcp.complete return_value=<httpcore._backends.anyio.AnyIOStream object at 0x0000021BB3C66E40>
2026-07-07 10:53:47,272  DEBUG     httpcore.connection  atrace:87  start_tls.started ssl_context=<ssl.SSLContext object at 0x0000021BB3C60910> server_hostname='ims-na1.adobelogin.com' timeout=600
2026-07-07 10:53:47,300  DEBUG     httpcore.connection  atrace:87  start_tls.complete return_value=<httpcore._backends.anyio.AnyIOStream object at 0x0000021BB3B579D0>
2026-07-07 10:53:47,300  DEBUG     httpcore.http11  atrace:87  send_request_headers.started request=<Request [b'POST']>
2026-07-07 10:53:47,301  DEBUG     httpcore.http11  atrace:87  send_request_headers.complete
2026-07-07 10:53:47,301  DEBUG     httpcore.http11  atrace:87  send_request_body.started request=<Request [b'POST']>
2026-07-07 10:53:47,302  DEBUG     httpcore.http11  atrace:87  send_request_body.complete
2026-07-07 10:53:47,302  DEBUG     httpcore.http11  atrace:87  receive_response_headers.started request=<Request [b'POST']>
2026-07-07 10:53:47,435  DEBUG     httpcore.http11  atrace:87  receive_response_headers.complete return_value=(b'HTTP/1.1', 200, b'OK', [(b'Date', b'Tue, 07 Jul 2026 09:53:47 GMT'), (b'Content-Type', b'application/json;charset=UTF-8'), (b'Transfer-Encoding', b'chunked'), (b'Connection', b'keep-alive'), (b'CF-Ray', b'a175f6d1aa05f40e-LHR'), (b'CF-Cache-Status', b'DYNAMIC'), (b'Cache-Control', b'no-store'), (b'Server', b'cloudflare'), (b'Set-Cookie', b'relay=8bb713bf-a1e8-49b9-b51d-dc331a0f1a9c; Path=/; Secure; SameSite=None'), (b'Set-Cookie', b'ftrset=815; Path=/; Secure; HttpOnly; SameSite=None'), (b'Set-Cookie', b'ftrset=815; Path=/; Secure; HttpOnly; SameSite=None'), (b'Set-Cookie', b'ftrset=815; Path=/; Secure; HttpOnly; SameSite=None'), (b'Strict-Transport-Security', b'max-age=31536000; includeSubDomains; preload'), (b'Vary', b'Accept-Encoding'), (b'p3p', b'CP="IDC DSP COR CURa ADMa OUR IND PHY ONL COM STA"'), (b'x-content-type-options', b'nosniff'), (b'x-debug-id', b'8bb713bf-a1e8-49b9-b51d-dc331a0f1a9c'), (b'x-frame-options', b'DENY'), (b'x-via', b'glbs-va6c2,glbs-irl1'), (b'x-xss-protection', b'1; mode=block'), (b'Content-Encoding', b'gzip')])
2026-07-07 10:53:47,436  INFO      httpx  _send_single_request:1740  HTTP Request: POST https://ims-na1.adobelogin.com/ims/token/v3 "HTTP/1.1 200 OK"
2026-07-07 10:53:47,438  DEBUG     httpcore.http11  atrace:87  receive_response_body.started request=<Request [b'POST']>
2026-07-07 10:53:47,438  DEBUG     httpcore.http11  atrace:87  receive_response_body.complete
2026-07-07 10:53:47,439  DEBUG     httpcore.http11  atrace:87  response_closed.started
2026-07-07 10:53:47,439  DEBUG     httpcore.http11  atrace:87  response_closed.complete
2026-07-07 10:53:47,440  DEBUG     adobe_downloader.core.api_client  _get:62  GET  https://analytics.adobe.io/api/legend0/collections/suites
2026-07-07 10:53:47,440  DEBUG     adobe_downloader.core.api_client  _get:63    headers: {'Authorization': 'Bearer ***', 'x-api-key': '9585bf3b8c6f4d188ad6a1c1e8b8cd57', 'x-proxy-global-company-id': 'legend0', 'x-gw-ims-org-id': '9CE579FD5DCD8B590A495E09@AdobeOrg'}
2026-07-07 10:53:47,440  DEBUG     adobe_downloader.core.api_client  _get:65    params:  {'limit': 1000}
2026-07-07 10:53:47,440  DEBUG     adobe_downloader.core.rate_limiter  execute:90  Rate limiter: executing request unknown
2026-07-07 10:53:47,442  DEBUG     httpcore.connection  atrace:87  connect_tcp.started host='analytics.adobe.io' port=443 local_address=None timeout=600 socket_options=None
2026-07-07 10:53:47,486  DEBUG     httpcore.connection  atrace:87  connect_tcp.complete return_value=<httpcore._backends.anyio.AnyIOStream object at 0x0000021BB3C9D590>
2026-07-07 10:53:47,487  DEBUG     httpcore.connection  atrace:87  start_tls.started ssl_context=<ssl.SSLContext object at 0x0000021BB3C60910> server_hostname='analytics.adobe.io' timeout=600
2026-07-07 10:53:47,505  DEBUG     httpcore.connection  atrace:87  start_tls.complete return_value=<httpcore._backends.anyio.AnyIOStream object at 0x0000021BB3C81350>
2026-07-07 10:53:47,505  DEBUG     httpcore.http11  atrace:87  send_request_headers.started request=<Request [b'GET']>
2026-07-07 10:53:47,506  DEBUG     httpcore.http11  atrace:87  send_request_headers.complete
2026-07-07 10:53:47,506  DEBUG     httpcore.http11  atrace:87  send_request_body.started request=<Request [b'GET']>
2026-07-07 10:53:47,506  DEBUG     httpcore.http11  atrace:87  send_request_body.complete
2026-07-07 10:53:47,506  DEBUG     httpcore.http11  atrace:87  receive_response_headers.started request=<Request [b'GET']>
2026-07-07 10:53:47,770  DEBUG     httpcore.http11  atrace:87  receive_response_headers.complete return_value=(b'HTTP/1.1', 200, b'OK', [(b'Server', b'openresty'), (b'Date', b'Tue, 07 Jul 2026 09:53:48 GMT'), (b'Content-Type', b'application/json;charset=UTF-8'), (b'Transfer-Encoding', b'chunked'), (b'Connection', b'keep-alive'), (b'x-request-id', b'5Ea1r2qfpSQgpZZzMkFBcUStUoF989P6'), (b'xserver-responsetime', b'135'), (b'xserver', b'datasuites-deployment-7dc6f69b7c-qdr7m'), (b'x-correlation-id', b'5Ea1r2qfpSQgpZZzMkFBcUStUoF989P6-0'), (b'cache-control', b'no-cache, no-store, must-revalidate'), (b'pragma', b'no-cache'), (b'expires', b'0'), (b'strict-transport-security', b'max-age=31622400; includeSubDomains'), (b'vary', b'accept-encoding'), (b'content-encoding', b'gzip'), (b'Access-Control-Allow-Origin', b'*'), (b'Access-Control-Allow-Credentials', b'true'), (b'Access-Control-Max-Age', b'60'), (b'Access-Control-Allow-Methods', b'GET, POST, PATCH, PUT, DELETE, OPTIONS'), (b'Access-Control-Allow-Headers', b'Content-Type,X-Requested-With,accept,Origin,Access-Control-Request-Method,Access-Control-Request-Headers, api-key, Authorization, x-proxy-company, x-proxy-company-id,x-proxy-global-company-id, x-proxy-username, x-proxy-userid, x-request-id,x-api-key, x-gw-ims-org-id'), (b'Access-Control-Expose-Headers', b'Date'), (b'X-Debug-Region', b'eu-west-1')])
2026-07-07 10:53:47,771  INFO      httpx  _send_single_request:1740  HTTP Request: GET https://analytics.adobe.io/api/legend0/collections/suites?limit=1000 "HTTP/1.1 200 OK"
2026-07-07 10:53:47,773  DEBUG     httpcore.http11  atrace:87  receive_response_body.started request=<Request [b'GET']>
2026-07-07 10:53:47,773  DEBUG     httpcore.http11  atrace:87  receive_response_body.complete
2026-07-07 10:53:47,774  DEBUG     httpcore.http11  atrace:87  response_closed.started
2026-07-07 10:53:47,774  DEBUG     httpcore.http11  atrace:87  response_closed.complete
2026-07-07 10:53:47,774  INFO      adobe_downloader.flows.rsid_update  run_rsid_update:161  Fetched 89 report suites
2026-07-07 10:53:47,775  INFO      adobe_downloader.flows.rsid_update  run_rsid_update:167  Filtered out 7 virtual suites (82 remaining)
2026-07-07 10:53:47,779  INFO      adobe_downloader.flows.rsid_update  run_rsid_update:181  Exclusion list: 5 entries
2026-07-07 10:53:47,780  INFO      adobe_downloader.flows.rsid_update  run_rsid_update:190  Suite pairs file: data\report_suite_lists\legendReportSuites20260707.txt
2026-07-07 10:53:47,815  DEBUG     adobe_downloader.core.api_client  _post:91  POST https://analytics.adobe.io/api/legend0/reports
2026-07-07 10:53:47,815  DEBUG     adobe_downloader.core.api_client  _post:92    headers: {'Authorization': 'Bearer ***', 'x-api-key': '9585bf3b8c6f4d188ad6a1c1e8b8cd57', 'x-proxy-global-company-id': 'legend0', 'x-gw-ims-org-id': '9CE579FD5DCD8B590A495E09@AdobeOrg'}
2026-07-07 10:53:47,815  DEBUG     adobe_downloader.core.api_client  _post:94    body:
{
  "rsid": "triacetatesportsde",
  "globalFilters": [
    {
      "type": "dateRange",
      "dateRange": "2026-04-01T00:00:00.000/2026-06-30T00:00:00.000"
    },
    {
      "type": "segment",
      "segmentId": "s3938_61bb0165a88ab931afa78e4c"
    }
  ],
  "metricContainer": {
    "metrics": [
      {
        "columnId": "0",
        "id": "metrics/visitors",
        "sort": "desc"
      },
      {
        "columnId": "1",
        "id": "metrics/visits",
        "sort": "desc"
      }
    ]
  },
  "settings": {
    "countRepeatInstances": true,
    "includeAnnotations": true,
    "page": 0,
    "nonesBehavior": "return-nones",
    "limit": 10
  }
}
2026-07-07 10:53:47,816  DEBUG     adobe_downloader.core.rate_limiter  execute:90  Rate limiter: executing request unknown
2026-07-07 10:53:47,818  DEBUG     httpcore.http11  atrace:87  send_request_headers.started request=<Request [b'POST']>
2026-07-07 10:53:47,818  DEBUG     httpcore.http11  atrace:87  send_request_headers.complete
2026-07-07 10:53:47,818  DEBUG     httpcore.http11  atrace:87  send_request_body.started request=<Request [b'POST']>
2026-07-07 10:53:47,819  DEBUG     httpcore.http11  atrace:87  send_request_body.complete
2026-07-07 10:53:47,819  DEBUG     httpcore.http11  atrace:87  receive_response_headers.started request=<Request [b'POST']>
2026-07-07 10:53:49,264  DEBUG     httpcore.http11  atrace:87  receive_response_headers.complete return_value=(b'HTTP/1.1', 200, b'OK', [(b'Server', b'openresty'), (b'Date', b'Tue, 07 Jul 2026 09:53:49 GMT'), (b'Content-Type', b'application/json;charset=UTF-8'), (b'Content-Length', b'327'), (b'Connection', b'keep-alive'), (b'x-request-id', b'ScIOFWTBQ0JLf0CScDEZXG2CaFiewaQw'), (b'xserver-responsetime', b'1371'), (b'xserver', b'reporting-deployment-5744f4dd5d-2bbt9'), (b'x-correlation-id', b'ScIOFWTBQ0JLf0CScDEZXG2CaFiewaQw-0'), (b'cache-control', b'no-cache, no-store, must-revalidate'), (b'pragma', b'no-cache'), (b'expires', b'0'), (b'strict-transport-security', b'max-age=31622400; includeSubDomains'), (b'Access-Control-Allow-Origin', b'*'), (b'Access-Control-Allow-Credentials', b'true'), (b'Access-Control-Max-Age', b'60'), (b'Access-Control-Allow-Methods', b'GET, POST, PATCH, PUT, DELETE, OPTIONS'), (b'Access-Control-Allow-Headers', b'Content-Type,X-Requested-With,accept,Origin,Access-Control-Request-Method,Access-Control-Request-Headers, api-key, Authorization, x-proxy-company, x-proxy-company-id,x-proxy-global-company-id, x-proxy-username, x-proxy-userid, x-request-id,x-api-key, x-gw-ims-org-id'), (b'Access-Control-Expose-Headers', b'Date'), (b'X-Debug-Region', b'eu-west-1')])
2026-07-07 10:53:49,264  INFO      httpx  _send_single_request:1740  HTTP Request: POST https://analytics.adobe.io/api/legend0/reports "HTTP/1.1 200 OK"
2026-07-07 10:53:49,264  DEBUG     httpcore.http11  atrace:87  receive_response_body.started request=<Request [b'POST']>
2026-07-07 10:53:49,264  DEBUG     httpcore.http11  atrace:87  receive_response_body.complete
2026-07-07 10:53:49,265  DEBUG     httpcore.http11  atrace:87  response_closed.started
2026-07-07 10:53:49,265  DEBUG     httpcore.http11  atrace:87  response_closed.complete
2026-07-07 10:53:49,266  DEBUG     adobe_downloader.flows.rsid_update  run_rsid_update:204  OK  Sportsde  visits=0
2026-07-07 10:53:49,290  DEBUG     adobe_downloader.core.api_client  _post:91  POST https://analytics.adobe.io/api/legend0/reports
2026-07-07 10:53:49,290  DEBUG     adobe_downloader.core.api_client  _post:92    headers: {'Authorization': 'Bearer ***', 'x-api-key': '9585bf3b8c6f4d188ad6a1c1e8b8cd57', 'x-proxy-global-company-id': 'legend0', 'x-gw-ims-org-id': '9CE579FD5DCD8B590A495E09@AdobeOrg'}
2026-07-07 10:53:49,290  DEBUG     adobe_downloader.core.api_client  _post:94    body:
{
  "rsid": "triadobeusage",
  "globalFilters": [
    {
      "type": "dateRange",
      "dateRange": "2026-04-01T00:00:00.000/2026-06-30T00:00:00.000"
    },
    {
      "type": "segment",
      "segmentId": "s3938_61bb0165a88ab931afa78e4c"
    }
  ],
  "metricContainer": {
    "metrics": [
      {
        "columnId": "0",
        "id": "metrics/visitors",
        "sort": "desc"
      },
      {
        "columnId": "1",
        "id": "metrics/visits",
        "sort": "desc"
      }
    ]
  },
  "settings": {
    "countRepeatInstances": true,
    "includeAnnotations": true,
    "page": 0,
    "nonesBehavior": "return-nones",
    "limit": 10
  }
}
2026-07-07 10:53:49,291  DEBUG     adobe_downloader.core.rate_limiter  execute:90  Rate limiter: executing request unknown
2026-07-07 10:53:49,291  DEBUG     httpcore.http11  atrace:87  send_request_headers.started request=<Request [b'POST']>
2026-07-07 10:53:49,292  DEBUG     httpcore.http11  atrace:87  send_request_headers.complete
2026-07-07 10:53:49,292  DEBUG     httpcore.http11  atrace:87  send_request_body.started request=<Request [b'POST']>
2026-07-07 10:53:49,293  DEBUG     httpcore.http11  atrace:87  send_request_body.complete
2026-07-07 10:53:49,293  DEBUG     httpcore.http11  atrace:87  receive_response_headers.started request=<Request [b'POST']>
2026-07-07 10:53:49,710  DEBUG     httpcore.http11  atrace:87  receive_response_headers.complete return_value=(b'HTTP/1.1', 206, b'Partial Content', [(b'Server', b'openresty'), (b'Date', b'Tue, 07 Jul 2026 09:53:50 GMT'), (b'Content-Type', b'application/json;charset=UTF-8'), (b'Content-Length', b'626'), (b'Connection', b'keep-alive'), (b'x-request-id', b'o2Bp8NsP0ETZjhKYsdAkh1QJuEuIx4Ag'), (b'xserver-responsetime', b'343'), (b'xserver', b'reporting-deployment-5744f4dd5d-8l2mc'), (b'x-correlation-id', b'o2Bp8NsP0ETZjhKYsdAkh1QJuEuIx4Ag-0'), (b'cache-control', b'no-cache, no-store, must-revalidate'), (b'pragma', b'no-cache'), (b'expires', b'0'), (b'strict-transport-security', b'max-age=31622400; includeSubDomains'), (b'Access-Control-Allow-Origin', b'*'), (b'Access-Control-Allow-Credentials', b'true'), (b'Access-Control-Max-Age', b'60'), (b'Access-Control-Allow-Methods', b'GET, POST, PATCH, PUT, DELETE, OPTIONS'), (b'Access-Control-Allow-Headers', b'Content-Type,X-Requested-With,accept,Origin,Access-Control-Request-Method,Access-Control-Request-Headers, api-key, Authorization, x-proxy-company, x-proxy-company-id,x-proxy-global-company-id, x-proxy-username, x-proxy-userid, x-request-id,x-api-key, x-gw-ims-org-id'), (b'Access-Control-Expose-Headers', b'Date'), (b'X-Debug-Region', b'eu-west-1')])
2026-07-07 10:53:49,711  INFO      httpx  _send_single_request:1740  HTTP Request: POST https://analytics.adobe.io/api/legend0/reports "HTTP/1.1 206 Partial Content"
2026-07-07 10:53:49,711  DEBUG     httpcore.http11  atrace:87  receive_response_body.started request=<Request [b'POST']>
2026-07-07 10:53:49,711  DEBUG     httpcore.http11  atrace:87  receive_response_body.complete
2026-07-07 10:53:49,712  DEBUG     httpcore.http11  atrace:87  response_closed.started
2026-07-07 10:53:49,712  DEBUG     httpcore.http11  atrace:87  response_closed.complete
2026-07-07 10:53:49,712  WARNING   adobe_downloader.flows.rsid_update  _fetch_visits:127  Unexpected totals shape for triadobeusage: []
2026-07-07 10:53:49,713  WARNING   adobe_downloader.flows.rsid_update  run_rsid_update:197  Could not get visits for triadobeusage (AdobeUsageAnalytics)
2026-07-07 10:53:49,713  DEBUG     adobe_downloader.flows.rsid_update  run_rsid_update:204  FAIL  AdobeUsageAnalytics  visits=None
2026-07-07 10:53:49,736  DEBUG     adobe_downloader.core.api_client  _post:91  POST https://analytics.adobe.io/api/legend0/reports
2026-07-07 10:53:49,736  DEBUG     adobe_downloader.core.api_client  _post:92    headers: {'Authorization': 'Bearer ***', 'x-api-key': '9585bf3b8c6f4d188ad6a1c1e8b8cd57', 'x-proxy-global-company-id': 'legend0', 'x-gw-ims-org-id': '9CE579FD5DCD8B590A495E09@AdobeOrg'}
2026-07-07 10:53:49,736  DEBUG     adobe_downloader.core.api_client  _post:94    body:
{
  "rsid": "triadsonlinebetting.com",
  "globalFilters": [
    {
      "type": "dateRange",
      "dateRange": "2026-04-01T00:00:00.000/2026-06-30T00:00:00.000"
    },
    {
      "type": "segment",
      "segmentId": "s3938_61bb0165a88ab931afa78e4c"
    }
  ],
  "metricContainer": {
    "metrics": [
      {
        "columnId": "0",
        "id": "metrics/visitors",
        "sort": "desc"
      },
      {
        "columnId": "1",
        "id": "metrics/visits",
        "sort": "desc"
      }
    ]
  },
  "settings": {
    "countRepeatInstances": true,
    "includeAnnotations": true,
    "page": 0,
    "nonesBehavior": "return-nones",
    "limit": 10
  }
}
2026-07-07 10:53:49,737  DEBUG     adobe_downloader.core.rate_limiter  execute:90  Rate limiter: executing request unknown
2026-07-07 10:53:49,737  DEBUG     httpcore.http11  atrace:87  send_request_headers.started request=<Request [b'POST']>
2026-07-07 10:53:49,738  DEBUG     httpcore.http11  atrace:87  send_request_headers.complete
2026-07-07 10:53:49,738  DEBUG     httpcore.http11  atrace:87  send_request_body.started request=<Request [b'POST']>
2026-07-07 10:53:49,738  DEBUG     httpcore.http11  atrace:87  send_request_body.complete
2026-07-07 10:53:49,738  DEBUG     httpcore.http11  atrace:87  receive_response_headers.started request=<Request [b'POST']>
2026-07-07 10:53:52,167  DEBUG     httpcore.http11  atrace:87  receive_response_headers.complete return_value=(b'HTTP/1.1', 200, b'OK', [(b'Server', b'openresty'), (b'Date', b'Tue, 07 Jul 2026 09:53:52 GMT'), (b'Content-Type', b'application/json;charset=UTF-8'), (b'Content-Length', b'343'), (b'Connection', b'keep-alive'), (b'x-request-id', b'CvOQdOWOU93qXaicOFxO1XQug3hbSawe'), (b'xserver-responsetime', b'2353'), (b'xserver', b'reporting-deployment-5744f4dd5d-2bbt9'), (b'x-correlation-id', b'CvOQdOWOU93qXaicOFxO1XQug3hbSawe-0'), (b'cache-control', b'no-cache, no-store, must-revalidate'), (b'pragma', b'no-cache'), (b'expires', b'0'), (b'strict-transport-security', b'max-age=31622400; includeSubDomains'), (b'Access-Control-Allow-Origin', b'*'), (b'Access-Control-Allow-Credentials', b'true'), (b'Access-Control-Max-Age', b'60'), (b'Access-Control-Allow-Methods', b'GET, POST, PATCH, PUT, DELETE, OPTIONS'), (b'Access-Control-Allow-Headers', b'Content-Type,X-Requested-With,accept,Origin,Access-Control-Request-Method,Access-Control-Request-Headers, api-key, Authorization, x-proxy-company, x-proxy-company-id,x-proxy-global-company-id, x-proxy-username, x-proxy-userid, x-request-id,x-api-key, x-gw-ims-org-id'), (b'Access-Control-Expose-Headers', b'Date'), (b'X-Debug-Region', b'eu-west-1')])
2026-07-07 10:53:52,168  INFO      httpx  _send_single_request:1740  HTTP Request: POST https://analytics.adobe.io/api/legend0/reports "HTTP/1.1 200 OK"
2026-07-07 10:53:52,169  DEBUG     httpcore.http11  atrace:87  receive_response_body.started request=<Request [b'POST']>
2026-07-07 10:53:52,169  DEBUG     httpcore.http11  atrace:87  receive_response_body.complete
2026-07-07 10:53:52,169  DEBUG     httpcore.http11  atrace:87  response_closed.started
2026-07-07 10:53:52,169  DEBUG     httpcore.http11  atrace:87  response_closed.complete
2026-07-07 10:53:52,170  DEBUG     adobe_downloader.flows.rsid_update  run_rsid_update:204  OK  OnlineBettingcom  visits=24752
2026-07-07 10:53:52,196  DEBUG     adobe_downloader.core.api_client  _post:91  POST https://analytics.adobe.io/api/legend0/reports
2026-07-07 10:53:52,196  DEBUG     adobe_downloader.core.api_client  _post:92    headers: {'Authorization': 'Bearer ***', 'x-api-key': '9585bf3b8c6f4d188ad6a1c1e8b8cd57', 'x-proxy-global-company-id': 'legend0', 'x-gw-ims-org-id': '9CE579FD5DCD8B590A495E09@AdobeOrg'}
2026-07-07 10:53:52,196  DEBUG     adobe_downloader.core.api_client  _post:94    body:
{
  "rsid": "triagecasinogamescom",
  "globalFilters": [
    {
      "type": "dateRange",
      "dateRange": "2026-04-01T00:00:00.000/2026-06-30T00:00:00.000"
    },
    {
      "type": "segment",
      "segmentId": "s3938_61bb0165a88ab931afa78e4c"
    }
  ],
  "metricContainer": {
    "metrics": [
      {
        "columnId": "0",
        "id": "metrics/visitors",
        "sort": "desc"
      },
      {
        "columnId": "1",
        "id": "metrics/visits",
        "sort": "desc"
      }
    ]
  },
  "settings": {
    "countRepeatInstances": true,
    "includeAnnotations": true,
    "page": 0,
    "nonesBehavior": "return-nones",
    "limit": 10
  }
}
2026-07-07 10:53:52,196  DEBUG     adobe_downloader.core.rate_limiter  execute:90  Rate limiter: executing request unknown
2026-07-07 10:53:52,197  DEBUG     httpcore.http11  atrace:87  send_request_headers.started request=<Request [b'POST']>
2026-07-07 10:53:52,198  DEBUG     httpcore.http11  atrace:87  send_request_headers.complete
2026-07-07 10:53:52,198  DEBUG     httpcore.http11  atrace:87  send_request_body.started request=<Request [b'POST']>
2026-07-07 10:53:52,198  DEBUG     httpcore.http11  atrace:87  send_request_body.complete
2026-07-07 10:53:52,198  DEBUG     httpcore.http11  atrace:87  receive_response_headers.started request=<Request [b'POST']>
2026-07-07 10:53:54,359  DEBUG     httpcore.http11  atrace:87  receive_response_headers.complete return_value=(b'HTTP/1.1', 200, b'OK', [(b'Server', b'openresty'), (b'Date', b'Tue, 07 Jul 2026 09:53:54 GMT'), (b'Content-Type', b'application/json;charset=UTF-8'), (b'Content-Length', b'335'), (b'Connection', b'keep-alive'), (b'x-request-id', b'3XSEbcG8O0FJXnmBJdIsIdjvozgZmhnz'), (b'xserver-responsetime', b'2084'), (b'xserver', b'reporting-deployment-5744f4dd5d-q7tjl'), (b'x-correlation-id', b'3XSEbcG8O0FJXnmBJdIsIdjvozgZmhnz-0'), (b'cache-control', b'no-cache, no-store, must-revalidate'), (b'pragma', b'no-cache'), (b'expires', b'0'), (b'strict-transport-security', b'max-age=31622400; includeSubDomains'), (b'Access-Control-Allow-Origin', b'*'), (b'Access-Control-Allow-Credentials', b'true'), (b'Access-Control-Max-Age', b'60'), (b'Access-Control-Allow-Methods', b'GET, POST, PATCH, PUT, DELETE, OPTIONS'), (b'Access-Control-Allow-Headers', b'Content-Type,X-Requested-With,accept,Origin,Access-Control-Request-Method,Access-Control-Request-Headers, api-key, Authorization, x-proxy-company, x-proxy-company-id,x-proxy-global-company-id, x-proxy-username, x-proxy-userid, x-request-id,x-api-key, x-gw-ims-org-id'), (b'Access-Control-Expose-Headers', b'Date'), (b'X-Debug-Region', b'eu-west-1')])
2026-07-07 10:53:54,360  INFO      httpx  _send_single_request:1740  HTTP Request: POST https://analytics.adobe.io/api/legend0/reports "HTTP/1.1 200 OK"
2026-07-07 10:53:54,360  DEBUG     httpcore.http11  atrace:87  receive_response_body.started request=<Request [b'POST']>
2026-07-07 10:53:54,360  DEBUG     httpcore.http11  atrace:87  receive_response_body.complete
2026-07-07 10:53:54,361  DEBUG     httpcore.http11  atrace:87  response_closed.started
2026-07-07 10:53:54,361  DEBUG     httpcore.http11  atrace:87  response_closed.complete
2026-07-07 10:53:54,362  DEBUG     httpcore.connection  atrace:87  close.started
2026-07-07 10:53:54,362  DEBUG     httpcore.connection  atrace:87  close.complete
2026-07-07 10:53:54,366  DEBUG     adobe_downloader.flows.rsid_update  run_rsid_update:204  OK  CasinoGamescom  visits=473
2026-07-07 10:53:54,405  DEBUG     adobe_downloader.core.api_client  _post:91  POST https://analytics.adobe.io/api/legend0/reports
2026-07-07 10:53:54,405  DEBUG     adobe_downloader.core.api_client  _post:92    headers: {'Authorization': 'Bearer ***', 'x-api-key': '9585bf3b8c6f4d188ad6a1c1e8b8cd57', 'x-proxy-global-company-id': 'legend0', 'x-gw-ims-org-id': '9CE579FD5DCD8B590A495E09@AdobeOrg'}
2026-07-07 10:53:54,405  DEBUG     adobe_downloader.core.api_client  _post:94    body:
{
  "rsid": "triangulategamblingin",
  "globalFilters": [
    {
      "type": "dateRange",
      "dateRange": "2026-04-01T00:00:00.000/2026-06-30T00:00:00.000"
    },
    {
      "type": "segment",
      "segmentId": "s3938_61bb0165a88ab931afa78e4c"
    }
  ],
  "metricContainer": {
    "metrics": [
      {
        "columnId": "0",
        "id": "metrics/visitors",
        "sort": "desc"
      },
      {
        "columnId": "1",
        "id": "metrics/visits",
        "sort": "desc"
      }
    ]
  },
  "settings": {
    "countRepeatInstances": true,
    "includeAnnotations": true,
    "page": 0,
    "nonesBehavior": "return-nones",
    "limit": 10
  }
}
2026-07-07 10:53:54,405  DEBUG     adobe_downloader.core.rate_limiter  execute:90  Rate limiter: executing request unknown
2026-07-07 10:53:54,407  DEBUG     httpcore.http11  atrace:87  send_request_headers.started request=<Request [b'POST']>
2026-07-07 10:53:54,408  DEBUG     httpcore.http11  atrace:87  send_request_headers.complete
2026-07-07 10:53:54,408  DEBUG     httpcore.http11  atrace:87  send_request_body.started request=<Request [b'POST']>
2026-07-07 10:53:54,409  DEBUG     httpcore.http11  atrace:87  send_request_body.complete
2026-07-07 10:53:54,409  DEBUG     httpcore.http11  atrace:87  receive_response_headers.started request=<Request [b'POST']>
2026-07-07 10:53:56,182  DEBUG     httpcore.http11  atrace:87  receive_response_headers.complete return_value=(b'HTTP/1.1', 200, b'OK', [(b'Server', b'openresty'), (b'Date', b'Tue, 07 Jul 2026 09:53:56 GMT'), (b'Content-Type', b'application/json;charset=UTF-8'), (b'Content-Length', b'327'), (b'Connection', b'keep-alive'), (b'x-request-id', b'efZSgvaDYpphMnvlCtkj5INVly9oV7cy'), (b'xserver-responsetime', b'1699'), (b'xserver', b'reporting-deployment-5744f4dd5d-2bbt9'), (b'x-correlation-id', b'efZSgvaDYpphMnvlCtkj5INVly9oV7cy-0'), (b'cache-control', b'no-cache, no-store, must-revalidate'), (b'pragma', b'no-cache'), (b'expires', b'0'), (b'strict-transport-security', b'max-age=31622400; includeSubDomains'), (b'Access-Control-Allow-Origin', b'*'), (b'Access-Control-Allow-Credentials', b'true'), (b'Access-Control-Max-Age', b'60'), (b'Access-Control-Allow-Methods', b'GET, POST, PATCH, PUT, DELETE, OPTIONS'), (b'Access-Control-Allow-Headers', b'Content-Type,X-Requested-With,accept,Origin,Access-Control-Request-Method,Access-Control-Request-Headers, api-key, Authorization, x-proxy-company, x-proxy-company-id,x-proxy-global-company-id, x-proxy-username, x-proxy-userid, x-request-id,x-api-key, x-gw-ims-org-id'), (b'Access-Control-Expose-Headers', b'Date'), (b'X-Debug-Region', b'eu-west-1')])
2026-07-07 10:53:56,183  INFO      httpx  _send_single_request:1740  HTTP Request: POST https://analytics.adobe.io/api/legend0/reports "HTTP/1.1 200 OK"
2026-07-07 10:53:56,183  DEBUG     httpcore.http11  atrace:87  receive_response_body.started request=<Request [b'POST']>
2026-07-07 10:53:56,183  DEBUG     httpcore.http11  atrace:87  receive_response_body.complete
2026-07-07 10:53:56,184  DEBUG     httpcore.http11  atrace:87  response_closed.started
2026-07-07 10:53:56,184  DEBUG     httpcore.http11  atrace:87  response_closed.complete
2026-07-07 10:53:56,185  DEBUG     adobe_downloader.flows.rsid_update  run_rsid_update:204  OK  Gamblingin  visits=0
2026-07-07 10:53:56,211  DEBUG     adobe_downloader.core.api_client  _post:91  POST https://analytics.adobe.io/api/legend0/reports
2026-07-07 10:53:56,211  DEBUG     adobe_downloader.core.api_client  _post:92    headers: {'Authorization': 'Bearer ***', 'x-api-key': '9585bf3b8c6f4d188ad6a1c1e8b8cd57', 'x-proxy-global-company-id': 'legend0', 'x-gw-ims-org-id': '9CE579FD5DCD8B590A495E09@AdobeOrg'}
2026-07-07 10:53:56,211  DEBUG     adobe_downloader.core.api_client  _post:94    body:
{
  "rsid": "triangulator",
  "globalFilters": [
    {
      "type": "dateRange",
      "dateRange": "2026-04-01T00:00:00.000/2026-06-30T00:00:00.000"
    },
    {
      "type": "segment",
      "segmentId": "s3938_61bb0165a88ab931afa78e4c"
    }
  ],
  "metricContainer": {
    "metrics": [
      {
        "columnId": "0",
        "id": "metrics/visitors",
        "sort": "desc"
      },
      {
        "columnId": "1",
        "id": "metrics/visits",
        "sort": "desc"
      }
    ]
  },
  "settings": {
    "countRepeatInstances": true,
    "includeAnnotations": true,
    "page": 0,
    "nonesBehavior": "return-nones",
    "limit": 10
  }
}
2026-07-07 10:53:56,211  DEBUG     adobe_downloader.core.rate_limiter  execute:90  Rate limiter: executing request unknown
2026-07-07 10:53:56,212  DEBUG     httpcore.http11  atrace:87  send_request_headers.started request=<Request [b'POST']>
2026-07-07 10:53:56,213  DEBUG     httpcore.http11  atrace:87  send_request_headers.complete
2026-07-07 10:53:56,213  DEBUG     httpcore.http11  atrace:87  send_request_body.started request=<Request [b'POST']>
2026-07-07 10:53:56,213  DEBUG     httpcore.http11  atrace:87  send_request_body.complete
2026-07-07 10:53:56,213  DEBUG     httpcore.http11  atrace:87  receive_response_headers.started request=<Request [b'POST']>
2026-07-07 10:54:15,391  DEBUG     httpcore.http11  atrace:87  receive_response_headers.complete return_value=(b'HTTP/1.1', 200, b'OK', [(b'Server', b'openresty'), (b'Date', b'Tue, 07 Jul 2026 09:54:15 GMT'), (b'Content-Type', b'application/json;charset=UTF-8'), (b'Content-Length', b'347'), (b'Connection', b'keep-alive'), (b'x-request-id', b'51sZ9ryKP9JEQBmFJ0VvlaGJK770wZg3'), (b'xserver-responsetime', b'19099'), (b'xserver', b'reporting-deployment-5744f4dd5d-n2tmp'), (b'x-correlation-id', b'51sZ9ryKP9JEQBmFJ0VvlaGJK770wZg3-0'), (b'cache-control', b'no-cache, no-store, must-revalidate'), (b'pragma', b'no-cache'), (b'expires', b'0'), (b'strict-transport-security', b'max-age=31622400; includeSubDomains'), (b'Access-Control-Allow-Origin', b'*'), (b'Access-Control-Allow-Credentials', b'true'), (b'Access-Control-Max-Age', b'60'), (b'Access-Control-Allow-Methods', b'GET, POST, PATCH, PUT, DELETE, OPTIONS'), (b'Access-Control-Allow-Headers', b'Content-Type,X-Requested-With,accept,Origin,Access-Control-Request-Method,Access-Control-Request-Headers, api-key, Authorization, x-proxy-company, x-proxy-company-id,x-proxy-global-company-id, x-proxy-username, x-proxy-userid, x-request-id,x-api-key, x-gw-ims-org-id'), (b'Access-Control-Expose-Headers', b'Date'), (b'X-Debug-Region', b'eu-west-1')])
2026-07-07 10:54:15,391  INFO      httpx  _send_single_request:1740  HTTP Request: POST https://analytics.adobe.io/api/legend0/reports "HTTP/1.1 200 OK"
2026-07-07 10:54:15,393  DEBUG     httpcore.http11  atrace:87  receive_response_body.started request=<Request [b'POST']>
2026-07-07 10:54:15,393  DEBUG     httpcore.http11  atrace:87  receive_response_body.complete
2026-07-07 10:54:15,393  DEBUG     httpcore.http11  atrace:87  response_closed.started
2026-07-07 10:54:15,393  DEBUG     httpcore.http11  atrace:87  response_closed.complete
2026-07-07 10:54:15,394  DEBUG     adobe_downloader.flows.rsid_update  run_rsid_update:204  OK  Casinous  visits=698985
2026-07-07 10:54:15,422  DEBUG     adobe_downloader.core.api_client  _post:91  POST https://analytics.adobe.io/api/legend0/reports
2026-07-07 10:54:15,423  DEBUG     adobe_downloader.core.api_client  _post:92    headers: {'Authorization': 'Bearer ***', 'x-api-key': '9585bf3b8c6f4d188ad6a1c1e8b8cd57', 'x-proxy-global-company-id': 'legend0', 'x-gw-ims-org-id': '9CE579FD5DCD8B590A495E09@AdobeOrg'}
2026-07-07 10:54:15,423  DEBUG     adobe_downloader.core.api_client  _post:94    body:
{
  "rsid": "triatomiccasinoit.test",
  "globalFilters": [
    {
      "type": "dateRange",
      "dateRange": "2026-04-01T00:00:00.000/2026-06-30T00:00:00.000"
    },
    {
      "type": "segment",
      "segmentId": "s3938_61bb0165a88ab931afa78e4c"
    }
  ],
  "metricContainer": {
    "metrics": [
      {
        "columnId": "0",
        "id": "metrics/visitors",
        "sort": "desc"
      },
      {
        "columnId": "1",
        "id": "metrics/visits",
        "sort": "desc"
      }
    ]
  },
  "settings": {
    "countRepeatInstances": true,
    "includeAnnotations": true,
    "page": 0,
    "nonesBehavior": "return-nones",
    "limit": 10
  }
}
2026-07-07 10:54:15,423  DEBUG     adobe_downloader.core.rate_limiter  execute:90  Rate limiter: executing request unknown
2026-07-07 10:54:15,424  DEBUG     httpcore.http11  atrace:87  send_request_headers.started request=<Request [b'POST']>
2026-07-07 10:54:15,424  DEBUG     httpcore.http11  atrace:87  send_request_headers.complete
2026-07-07 10:54:15,424  DEBUG     httpcore.http11  atrace:87  send_request_body.started request=<Request [b'POST']>
2026-07-07 10:54:15,425  DEBUG     httpcore.http11  atrace:87  send_request_body.complete
2026-07-07 10:54:15,425  DEBUG     httpcore.http11  atrace:87  receive_response_headers.started request=<Request [b'POST']>
2026-07-07 10:54:17,986  DEBUG     httpcore.http11  atrace:87  receive_response_headers.complete return_value=(b'HTTP/1.1', 200, b'OK', [(b'Server', b'openresty'), (b'Date', b'Tue, 07 Jul 2026 09:54:18 GMT'), (b'Content-Type', b'application/json;charset=UTF-8'), (b'Content-Length', b'339'), (b'Connection', b'keep-alive'), (b'x-request-id', b'P4ACNS2YPpyOQWohHQtAh5Eu5TmUdmw3'), (b'xserver', b'reporting-deployment-5744f4dd5d-x4g77'), (b'x-correlation-id', b'P4ACNS2YPpyOQWohHQtAh5Eu5TmUdmw3-0'), (b'cache-control', b'no-cache, no-store, must-revalidate'), (b'pragma', b'no-cache'), (b'expires', b'0'), (b'strict-transport-security', b'max-age=31622400; includeSubDomains'), (b'xserver-responsetime', b'2482'), (b'Access-Control-Allow-Origin', b'*'), (b'Access-Control-Allow-Credentials', b'true'), (b'Access-Control-Max-Age', b'60'), (b'Access-Control-Allow-Methods', b'GET, POST, PATCH, PUT, DELETE, OPTIONS'), (b'Access-Control-Allow-Headers', b'Content-Type,X-Requested-With,accept,Origin,Access-Control-Request-Method,Access-Control-Request-Headers, api-key, Authorization, x-proxy-company, x-proxy-company-id,x-proxy-global-company-id, x-proxy-username, x-proxy-userid, x-request-id,x-api-key, x-gw-ims-org-id'), (b'Access-Control-Expose-Headers', b'Date'), (b'X-Debug-Region', b'eu-west-1')])
2026-07-07 10:54:17,987  INFO      httpx  _send_single_request:1740  HTTP Request: POST https://analytics.adobe.io/api/legend0/reports "HTTP/1.1 200 OK"
2026-07-07 10:54:17,987  DEBUG     httpcore.http11  atrace:87  receive_response_body.started request=<Request [b'POST']>
2026-07-07 10:54:17,987  DEBUG     httpcore.http11  atrace:87  receive_response_body.complete
2026-07-07 10:54:17,988  DEBUG     httpcore.http11  atrace:87  response_closed.started
2026-07-07 10:54:17,988  DEBUG     httpcore.http11  atrace:87  response_closed.complete
2026-07-07 10:54:17,989  DEBUG     adobe_downloader.flows.rsid_update  run_rsid_update:204  OK  Casinoit  visits=4665
2026-07-07 10:54:18,014  DEBUG     adobe_downloader.core.api_client  _post:91  POST https://analytics.adobe.io/api/legend0/reports
2026-07-07 10:54:18,015  DEBUG     adobe_downloader.core.api_client  _post:92    headers: {'Authorization': 'Bearer ***', 'x-api-key': '9585bf3b8c6f4d188ad6a1c1e8b8cd57', 'x-proxy-global-company-id': 'legend0', 'x-gw-ims-org-id': '9CE579FD5DCD8B590A495E09@AdobeOrg'}
2026-07-07 10:54:18,015  DEBUG     adobe_downloader.core.api_client  _post:94    body:
{
  "rsid": "triaxiality",
  "globalFilters": [
    {
      "type": "dateRange",
      "dateRange": "2026-04-01T00:00:00.000/2026-06-30T00:00:00.000"
    },
    {
      "type": "segment",
      "segmentId": "s3938_61bb0165a88ab931afa78e4c"
    }
  ],
  "metricContainer": {
    "metrics": [
      {
        "columnId": "0",
        "id": "metrics/visitors",
        "sort": "desc"
      },
      {
        "columnId": "1",
        "id": "metrics/visits",
        "sort": "desc"
      }
    ]
  },
  "settings": {
    "countRepeatInstances": true,
    "includeAnnotations": true,
    "page": 0,
    "nonesBehavior": "return-nones",
    "limit": 10
  }
}
2026-07-07 10:54:18,015  DEBUG     adobe_downloader.core.rate_limiter  execute:90  Rate limiter: executing request unknown
2026-07-07 10:54:18,016  DEBUG     httpcore.http11  atrace:87  send_request_headers.started request=<Request [b'POST']>
2026-07-07 10:54:18,016  DEBUG     httpcore.http11  atrace:87  send_request_headers.complete
2026-07-07 10:54:18,016  DEBUG     httpcore.http11  atrace:87  send_request_body.started request=<Request [b'POST']>
2026-07-07 10:54:18,016  DEBUG     httpcore.http11  atrace:87  send_request_body.complete
2026-07-07 10:54:18,016  DEBUG     httpcore.http11  atrace:87  receive_response_headers.started request=<Request [b'POST']>
2026-07-07 10:54:28,106  DEBUG     httpcore.http11  atrace:87  receive_response_headers.complete return_value=(b'HTTP/1.1', 200, b'OK', [(b'Server', b'openresty'), (b'Date', b'Tue, 07 Jul 2026 09:54:28 GMT'), (b'Content-Type', b'application/json;charset=UTF-8'), (b'Content-Length', b'347'), (b'Connection', b'keep-alive'), (b'x-request-id', b'EZmyhOBaw2bYDoZCwiCzVyhyTDvv5yev'), (b'xserver', b'reporting-deployment-5744f4dd5d-x4g77'), (b'x-correlation-id', b'EZmyhOBaw2bYDoZCwiCzVyhyTDvv5yev-0'), (b'cache-control', b'no-cache, no-store, must-revalidate'), (b'pragma', b'no-cache'), (b'expires', b'0'), (b'strict-transport-security', b'max-age=31622400; includeSubDomains'), (b'xserver-responsetime', b'10013'), (b'Access-Control-Allow-Origin', b'*'), (b'Access-Control-Allow-Credentials', b'true'), (b'Access-Control-Max-Age', b'60'), (b'Access-Control-Allow-Methods', b'GET, POST, PATCH, PUT, DELETE, OPTIONS'), (b'Access-Control-Allow-Headers', b'Content-Type,X-Requested-With,accept,Origin,Access-Control-Request-Method,Access-Control-Request-Headers, api-key, Authorization, x-proxy-company, x-proxy-company-id,x-proxy-global-company-id, x-proxy-username, x-proxy-userid, x-request-id,x-api-key, x-gw-ims-org-id'), (b'Access-Control-Expose-Headers', b'Date'), (b'X-Debug-Region', b'eu-west-1')])
2026-07-07 10:54:28,107  INFO      httpx  _send_single_request:1740  HTTP Request: POST https://analytics.adobe.io/api/legend0/reports "HTTP/1.1 200 OK"
2026-07-07 10:54:28,107  DEBUG     httpcore.http11  atrace:87  receive_response_body.started request=<Request [b'POST']>
2026-07-07 10:54:28,107  DEBUG     httpcore.http11  atrace:87  receive_response_body.complete
2026-07-07 10:54:28,108  DEBUG     httpcore.http11  atrace:87  response_closed.started
2026-07-07 10:54:28,108  DEBUG     httpcore.http11  atrace:87  response_closed.complete
2026-07-07 10:54:28,109  DEBUG     adobe_downloader.flows.rsid_update  run_rsid_update:204  OK  MarcadoresOnlinecom  visits=736631
2026-07-07 10:54:28,135  DEBUG     adobe_downloader.core.api_client  _post:91  POST https://analytics.adobe.io/api/legend0/reports
2026-07-07 10:54:28,135  DEBUG     adobe_downloader.core.api_client  _post:92    headers: {'Authorization': 'Bearer ***', 'x-api-key': '9585bf3b8c6f4d188ad6a1c1e8b8cd57', 'x-proxy-global-company-id': 'legend0', 'x-gw-ims-org-id': '9CE579FD5DCD8B590A495E09@AdobeOrg'}
2026-07-07 10:54:28,135  DEBUG     adobe_downloader.core.api_client  _post:94    body:
{
  "rsid": "tribalcasinojapan.com",
  "globalFilters": [
    {
      "type": "dateRange",
      "dateRange": "2026-04-01T00:00:00.000/2026-06-30T00:00:00.000"
    },
    {
      "type": "segment",
      "segmentId": "s3938_61bb0165a88ab931afa78e4c"
    }
  ],
  "metricContainer": {
    "metrics": [
      {
        "columnId": "0",
        "id": "metrics/visitors",
        "sort": "desc"
      },
      {
        "columnId": "1",
        "id": "metrics/visits",
        "sort": "desc"
      }
    ]
  },
  "settings": {
    "countRepeatInstances": true,
    "includeAnnotations": true,
    "page": 0,
    "nonesBehavior": "return-nones",
    "limit": 10
  }
}
2026-07-07 10:54:28,135  DEBUG     adobe_downloader.core.rate_limiter  execute:90  Rate limiter: executing request unknown
2026-07-07 10:54:28,136  DEBUG     httpcore.http11  atrace:87  send_request_headers.started request=<Request [b'POST']>
2026-07-07 10:54:28,136  DEBUG     httpcore.http11  atrace:87  send_request_headers.complete
2026-07-07 10:54:28,136  DEBUG     httpcore.http11  atrace:87  send_request_body.started request=<Request [b'POST']>
2026-07-07 10:54:28,136  DEBUG     httpcore.http11  atrace:87  send_request_body.complete
2026-07-07 10:54:28,136  DEBUG     httpcore.http11  atrace:87  receive_response_headers.started request=<Request [b'POST']>
2026-07-07 10:54:29,706  DEBUG     httpcore.http11  atrace:87  receive_response_headers.complete return_value=(b'HTTP/1.1', 200, b'OK', [(b'Server', b'openresty'), (b'Date', b'Tue, 07 Jul 2026 09:54:30 GMT'), (b'Content-Type', b'application/json;charset=UTF-8'), (b'Content-Length', b'327'), (b'Connection', b'keep-alive'), (b'x-request-id', b'k5KoX50KF4UMNom7Jdj1HKgnNaVrhP6R'), (b'xserver-responsetime', b'1493'), (b'xserver', b'reporting-deployment-5744f4dd5d-8l2mc'), (b'x-correlation-id', b'k5KoX50KF4UMNom7Jdj1HKgnNaVrhP6R-0'), (b'cache-control', b'no-cache, no-store, must-revalidate'), (b'pragma', b'no-cache'), (b'expires', b'0'), (b'strict-transport-security', b'max-age=31622400; includeSubDomains'), (b'Access-Control-Allow-Origin', b'*'), (b'Access-Control-Allow-Credentials', b'true'), (b'Access-Control-Max-Age', b'60'), (b'Access-Control-Allow-Methods', b'GET, POST, PATCH, PUT, DELETE, OPTIONS'), (b'Access-Control-Allow-Headers', b'Content-Type,X-Requested-With,accept,Origin,Access-Control-Request-Method,Access-Control-Request-Headers, api-key, Authorization, x-proxy-company, x-proxy-company-id,x-proxy-global-company-id, x-proxy-username, x-proxy-userid, x-request-id,x-api-key, x-gw-ims-org-id'), (b'Access-Control-Expose-Headers', b'Date'), (b'X-Debug-Region', b'eu-west-1')])
2026-07-07 10:54:29,706  INFO      httpx  _send_single_request:1740  HTTP Request: POST https://analytics.adobe.io/api/legend0/reports "HTTP/1.1 200 OK"
2026-07-07 10:54:29,707  DEBUG     httpcore.http11  atrace:87  receive_response_body.started request=<Request [b'POST']>
2026-07-07 10:54:29,707  DEBUG     httpcore.http11  atrace:87  receive_response_body.complete
2026-07-07 10:54:29,707  DEBUG     httpcore.http11  atrace:87  response_closed.started
2026-07-07 10:54:29,707  DEBUG     httpcore.http11  atrace:87  response_closed.complete
2026-07-07 10:54:29,708  DEBUG     adobe_downloader.flows.rsid_update  run_rsid_update:204  OK  CasinoJapancom  visits=0
2026-07-07 10:54:29,733  DEBUG     adobe_downloader.core.api_client  _post:91  POST https://analytics.adobe.io/api/legend0/reports
2026-07-07 10:54:29,734  DEBUG     adobe_downloader.core.api_client  _post:92    headers: {'Authorization': 'Bearer ***', 'x-api-key': '9585bf3b8c6f4d188ad6a1c1e8b8cd57', 'x-proxy-global-company-id': 'legend0', 'x-gw-ims-org-id': '9CE579FD5DCD8B590A495E09@AdobeOrg'}
2026-07-07 10:54:29,734  DEBUG     adobe_downloader.core.api_client  _post:94    body:
{
  "rsid": "tribecasinoorg.test",
  "globalFilters": [
    {
      "type": "dateRange",
      "dateRange": "2026-04-01T00:00:00.000/2026-06-30T00:00:00.000"
    },
    {
      "type": "segment",
      "segmentId": "s3938_61bb0165a88ab931afa78e4c"
    }
  ],
  "metricContainer": {
    "metrics": [
      {
        "columnId": "0",
        "id": "metrics/visitors",
        "sort": "desc"
      },
      {
        "columnId": "1",
        "id": "metrics/visits",
        "sort": "desc"
      }
    ]
  },
  "settings": {
    "countRepeatInstances": true,
    "includeAnnotations": true,
    "page": 0,
    "nonesBehavior": "return-nones",
    "limit": 10
  }
}
2026-07-07 10:54:29,734  DEBUG     adobe_downloader.core.rate_limiter  execute:90  Rate limiter: executing request unknown
2026-07-07 10:54:29,735  DEBUG     httpcore.http11  atrace:87  send_request_headers.started request=<Request [b'POST']>
2026-07-07 10:54:29,735  DEBUG     httpcore.http11  atrace:87  send_request_headers.complete
2026-07-07 10:54:29,735  DEBUG     httpcore.http11  atrace:87  send_request_body.started request=<Request [b'POST']>
2026-07-07 10:54:29,735  DEBUG     httpcore.http11  atrace:87  send_request_body.complete
2026-07-07 10:54:29,735  DEBUG     httpcore.http11  atrace:87  receive_response_headers.started request=<Request [b'POST']>
2026-07-07 10:55:13,667  DEBUG     httpcore.http11  atrace:87  receive_response_headers.complete return_value=(b'HTTP/1.1', 200, b'OK', [(b'Server', b'openresty'), (b'Date', b'Tue, 07 Jul 2026 09:55:14 GMT'), (b'Content-Type', b'application/json;charset=UTF-8'), (b'Content-Length', b'355'), (b'Connection', b'keep-alive'), (b'x-request-id', b'xWMpex1Qwhk1Nkn0qdgyzNlgGiUR92z5'), (b'xserver-responsetime', b'43800'), (b'xserver', b'reporting-deployment-5744f4dd5d-44kfs'), (b'x-correlation-id', b'xWMpex1Qwhk1Nkn0qdgyzNlgGiUR92z5-0'), (b'cache-control', b'no-cache, no-store, must-revalidate'), (b'pragma', b'no-cache'), (b'expires', b'0'), (b'strict-transport-security', b'max-age=31622400; includeSubDomains'), (b'Access-Control-Allow-Origin', b'*'), (b'Access-Control-Allow-Credentials', b'true'), (b'Access-Control-Max-Age', b'60'), (b'Access-Control-Allow-Methods', b'GET, POST, PATCH, PUT, DELETE, OPTIONS'), (b'Access-Control-Allow-Headers', b'Content-Type,X-Requested-With,accept,Origin,Access-Control-Request-Method,Access-Control-Request-Headers, api-key, Authorization, x-proxy-company, x-proxy-company-id,x-proxy-global-company-id, x-proxy-username, x-proxy-userid, x-request-id,x-api-key, x-gw-ims-org-id'), (b'Access-Control-Expose-Headers', b'Date'), (b'X-Debug-Region', b'eu-west-1')])
2026-07-07 10:55:13,667  INFO      httpx  _send_single_request:1740  HTTP Request: POST https://analytics.adobe.io/api/legend0/reports "HTTP/1.1 200 OK"
2026-07-07 10:55:13,668  DEBUG     httpcore.http11  atrace:87  receive_response_body.started request=<Request [b'POST']>
2026-07-07 10:55:13,668  DEBUG     httpcore.http11  atrace:87  receive_response_body.complete
2026-07-07 10:55:13,668  DEBUG     httpcore.http11  atrace:87  response_closed.started
2026-07-07 10:55:13,668  DEBUG     httpcore.http11  atrace:87  response_closed.complete
2026-07-07 10:55:13,669  DEBUG     adobe_downloader.flows.rsid_update  run_rsid_update:204  OK  Casinoorg  visits=21282377
2026-07-07 10:55:13,695  DEBUG     adobe_downloader.core.api_client  _post:91  POST https://analytics.adobe.io/api/legend0/reports
2026-07-07 10:55:13,695  DEBUG     adobe_downloader.core.api_client  _post:92    headers: {'Authorization': 'Bearer ***', 'x-api-key': '9585bf3b8c6f4d188ad6a1c1e8b8cd57', 'x-proxy-global-company-id': 'legend0', 'x-gw-ims-org-id': '9CE579FD5DCD8B590A495E09@AdobeOrg'}
2026-07-07 10:55:13,695  DEBUG     adobe_downloader.core.api_client  _post:94    body:
{
  "rsid": "tribesmanonlinecasinosconz",
  "globalFilters": [
    {
      "type": "dateRange",
      "dateRange": "2026-04-01T00:00:00.000/2026-06-30T00:00:00.000"
    },
    {
      "type": "segment",
      "segmentId": "s3938_61bb0165a88ab931afa78e4c"
    }
  ],
  "metricContainer": {
    "metrics": [
      {
        "columnId": "0",
        "id": "metrics/visitors",
        "sort": "desc"
      },
      {
        "columnId": "1",
        "id": "metrics/visits",
        "sort": "desc"
      }
    ]
  },
  "settings": {
    "countRepeatInstances": true,
    "includeAnnotations": true,
    "page": 0,
    "nonesBehavior": "return-nones",
    "limit": 10
  }
}
2026-07-07 10:55:13,695  DEBUG     adobe_downloader.core.rate_limiter  execute:90  Rate limiter: executing request unknown
2026-07-07 10:55:13,696  DEBUG     httpcore.http11  atrace:87  send_request_headers.started request=<Request [b'POST']>
2026-07-07 10:55:13,696  DEBUG     httpcore.http11  atrace:87  send_request_headers.complete
2026-07-07 10:55:13,696  DEBUG     httpcore.http11  atrace:87  send_request_body.started request=<Request [b'POST']>
2026-07-07 10:55:13,697  DEBUG     httpcore.http11  atrace:87  send_request_body.complete
2026-07-07 10:55:13,697  DEBUG     httpcore.http11  atrace:87  receive_response_headers.started request=<Request [b'POST']>
2026-07-07 10:55:15,856  DEBUG     httpcore.http11  atrace:87  receive_response_headers.complete return_value=(b'HTTP/1.1', 200, b'OK', [(b'Server', b'openresty'), (b'Date', b'Tue, 07 Jul 2026 09:55:16 GMT'), (b'Content-Type', b'application/json;charset=UTF-8'), (b'Content-Length', b'335'), (b'Connection', b'keep-alive'), (b'x-request-id', b'uIbvcLHGAj71lgXNkbFjWmzzB6Fqtb4L'), (b'xserver', b'reporting-deployment-c8cfdc8d6-4hs9q'), (b'x-correlation-id', b'uIbvcLHGAj71lgXNkbFjWmzzB6Fqtb4L-0'), (b'cache-control', b'no-cache, no-store, must-revalidate'), (b'pragma', b'no-cache'), (b'expires', b'0'), (b'strict-transport-security', b'max-age=31622400; includeSubDomains'), (b'xserver-responsetime', b'2042'), (b'Access-Control-Allow-Origin', b'*'), (b'Access-Control-Allow-Credentials', b'true'), (b'Access-Control-Max-Age', b'60'), (b'Access-Control-Allow-Methods', b'GET, POST, PATCH, PUT, DELETE, OPTIONS'), (b'Access-Control-Allow-Headers', b'Content-Type,X-Requested-With,accept,Origin,Access-Control-Request-Method,Access-Control-Request-Headers, api-key, Authorization, x-proxy-company, x-proxy-company-id,x-proxy-global-company-id, x-proxy-username, x-proxy-userid, x-request-id,x-api-key, x-gw-ims-org-id'), (b'Access-Control-Expose-Headers', b'Date'), (b'X-Debug-Region', b'eu-west-1')])
2026-07-07 10:55:15,857  INFO      httpx  _send_single_request:1740  HTTP Request: POST https://analytics.adobe.io/api/legend0/reports "HTTP/1.1 200 OK"
2026-07-07 10:55:15,857  DEBUG     httpcore.http11  atrace:87  receive_response_body.started request=<Request [b'POST']>
2026-07-07 10:55:15,857  DEBUG     httpcore.http11  atrace:87  receive_response_body.complete
2026-07-07 10:55:15,857  DEBUG     httpcore.http11  atrace:87  response_closed.started
2026-07-07 10:55:15,857  DEBUG     httpcore.http11  atrace:87  response_closed.complete
2026-07-07 10:55:15,858  DEBUG     adobe_downloader.flows.rsid_update  run_rsid_update:204  OK  OnlineCasinosconz  visits=499
2026-07-07 10:55:15,880  DEBUG     adobe_downloader.core.api_client  _post:91  POST https://analytics.adobe.io/api/legend0/reports
2026-07-07 10:55:15,880  DEBUG     adobe_downloader.core.api_client  _post:92    headers: {'Authorization': 'Bearer ***', 'x-api-key': '9585bf3b8c6f4d188ad6a1c1e8b8cd57', 'x-proxy-global-company-id': 'legend0', 'x-gw-ims-org-id': '9CE579FD5DCD8B590A495E09@AdobeOrg'}
2026-07-07 10:55:15,880  DEBUG     adobe_downloader.core.api_client  _post:94    body:
{
  "rsid": "tribi",
  "globalFilters": [
    {
      "type": "dateRange",
      "dateRange": "2026-04-01T00:00:00.000/2026-06-30T00:00:00.000"
    },
    {
      "type": "segment",
      "segmentId": "s3938_61bb0165a88ab931afa78e4c"
    }
  ],
  "metricContainer": {
    "metrics": [
      {
        "columnId": "0",
        "id": "metrics/visitors",
        "sort": "desc"
      },
      {
        "columnId": "1",
        "id": "metrics/visits",
        "sort": "desc"
      }
    ]
  },
  "settings": {
    "countRepeatInstances": true,
    "includeAnnotations": true,
    "page": 0,
    "nonesBehavior": "return-nones",
    "limit": 10
  }
}
2026-07-07 10:55:15,880  DEBUG     adobe_downloader.core.rate_limiter  execute:90  Rate limiter: executing request unknown
2026-07-07 10:55:15,881  DEBUG     httpcore.http11  atrace:87  send_request_headers.started request=<Request [b'POST']>
2026-07-07 10:55:15,882  DEBUG     httpcore.http11  atrace:87  send_request_headers.complete
2026-07-07 10:55:15,882  DEBUG     httpcore.http11  atrace:87  send_request_body.started request=<Request [b'POST']>
2026-07-07 10:55:15,882  DEBUG     httpcore.http11  atrace:87  send_request_body.complete
2026-07-07 10:55:15,882  DEBUG     httpcore.http11  atrace:87  receive_response_headers.started request=<Request [b'POST']>
2026-07-07 10:55:17,691  DEBUG     httpcore.http11  atrace:87  receive_response_headers.complete return_value=(b'HTTP/1.1', 200, b'OK', [(b'Server', b'openresty'), (b'Date', b'Tue, 07 Jul 2026 09:55:18 GMT'), (b'Content-Type', b'application/json;charset=UTF-8'), (b'Content-Length', b'339'), (b'Connection', b'keep-alive'), (b'x-request-id', b'edFjXt5pH8yXVqmNGUp9TYCk2F7DfJfC'), (b'xserver-responsetime', b'1732'), (b'xserver', b'reporting-deployment-c8cfdc8d6-scd69'), (b'x-correlation-id', b'edFjXt5pH8yXVqmNGUp9TYCk2F7DfJfC-0'), (b'cache-control', b'no-cache, no-store, must-revalidate'), (b'pragma', b'no-cache'), (b'expires', b'0'), (b'strict-transport-security', b'max-age=31622400; includeSubDomains'), (b'Access-Control-Allow-Origin', b'*'), (b'Access-Control-Allow-Credentials', b'true'), (b'Access-Control-Max-Age', b'60'), (b'Access-Control-Allow-Methods', b'GET, POST, PATCH, PUT, DELETE, OPTIONS'), (b'Access-Control-Allow-Headers', b'Content-Type,X-Requested-With,accept,Origin,Access-Control-Request-Method,Access-Control-Request-Headers, api-key, Authorization, x-proxy-company, x-proxy-company-id,x-proxy-global-company-id, x-proxy-username, x-proxy-userid, x-request-id,x-api-key, x-gw-ims-org-id'), (b'Access-Control-Expose-Headers', b'Date'), (b'X-Debug-Region', b'eu-west-1')])
2026-07-07 10:55:17,691  INFO      httpx  _send_single_request:1740  HTTP Request: POST https://analytics.adobe.io/api/legend0/reports "HTTP/1.1 200 OK"
2026-07-07 10:55:17,692  DEBUG     httpcore.http11  atrace:87  receive_response_body.started request=<Request [b'POST']>
2026-07-07 10:55:17,693  DEBUG     httpcore.http11  atrace:87  receive_response_body.complete
2026-07-07 10:55:17,693  DEBUG     httpcore.http11  atrace:87  response_closed.started
2026-07-07 10:55:17,693  DEBUG     httpcore.http11  atrace:87  response_closed.complete
2026-07-07 10:55:17,694  DEBUG     adobe_downloader.flows.rsid_update  run_rsid_update:204  OK  BusinessInsiderde  visits=2069
2026-07-07 10:55:17,718  DEBUG     adobe_downloader.core.api_client  _post:91  POST https://analytics.adobe.io/api/legend0/reports
2026-07-07 10:55:17,718  DEBUG     adobe_downloader.core.api_client  _post:92    headers: {'Authorization': 'Bearer ***', 'x-api-key': '9585bf3b8c6f4d188ad6a1c1e8b8cd57', 'x-proxy-global-company-id': 'legend0', 'x-gw-ims-org-id': '9CE579FD5DCD8B590A495E09@AdobeOrg'}
2026-07-07 10:55:17,718  DEBUG     adobe_downloader.core.api_client  _post:94    body:
{
  "rsid": "triboelectric",
  "globalFilters": [
    {
      "type": "dateRange",
      "dateRange": "2026-04-01T00:00:00.000/2026-06-30T00:00:00.000"
    },
    {
      "type": "segment",
      "segmentId": "s3938_61bb0165a88ab931afa78e4c"
    }
  ],
  "metricContainer": {
    "metrics": [
      {
        "columnId": "0",
        "id": "metrics/visitors",
        "sort": "desc"
      },
      {
        "columnId": "1",
        "id": "metrics/visits",
        "sort": "desc"
      }
    ]
  },
  "settings": {
    "countRepeatInstances": true,
    "includeAnnotations": true,
    "page": 0,
    "nonesBehavior": "return-nones",
    "limit": 10
  }
}
2026-07-07 10:55:17,718  DEBUG     adobe_downloader.core.rate_limiter  execute:90  Rate limiter: executing request unknown
2026-07-07 10:55:17,719  DEBUG     httpcore.http11  atrace:87  send_request_headers.started request=<Request [b'POST']>
2026-07-07 10:55:17,719  DEBUG     httpcore.http11  atrace:87  send_request_headers.complete
2026-07-07 10:55:17,719  DEBUG     httpcore.http11  atrace:87  send_request_body.started request=<Request [b'POST']>
2026-07-07 10:55:17,720  DEBUG     httpcore.http11  atrace:87  send_request_body.complete
2026-07-07 10:55:17,720  DEBUG     httpcore.http11  atrace:87  receive_response_headers.started request=<Request [b'POST']>
2026-07-07 10:55:21,242  DEBUG     httpcore.http11  atrace:87  receive_response_headers.complete return_value=(b'HTTP/1.1', 200, b'OK', [(b'Server', b'openresty'), (b'Date', b'Tue, 07 Jul 2026 09:55:21 GMT'), (b'Content-Type', b'application/json;charset=UTF-8'), (b'Content-Length', b'347'), (b'Connection', b'keep-alive'), (b'x-request-id', b'2EGuXxq2vEdgoqpUvaTYltsWmP1AQh5j'), (b'xserver-responsetime', b'3446'), (b'xserver', b'reporting-deployment-c8cfdc8d6-qwxdj'), (b'x-correlation-id', b'2EGuXxq2vEdgoqpUvaTYltsWmP1AQh5j-0'), (b'cache-control', b'no-cache, no-store, must-revalidate'), (b'pragma', b'no-cache'), (b'expires', b'0'), (b'strict-transport-security', b'max-age=31622400; includeSubDomains'), (b'Access-Control-Allow-Origin', b'*'), (b'Access-Control-Allow-Credentials', b'true'), (b'Access-Control-Max-Age', b'60'), (b'Access-Control-Allow-Methods', b'GET, POST, PATCH, PUT, DELETE, OPTIONS'), (b'Access-Control-Allow-Headers', b'Content-Type,X-Requested-With,accept,Origin,Access-Control-Request-Method,Access-Control-Request-Headers, api-key, Authorization, x-proxy-company, x-proxy-company-id,x-proxy-global-company-id, x-proxy-username, x-proxy-userid, x-request-id,x-api-key, x-gw-ims-org-id'), (b'Access-Control-Expose-Headers', b'Date'), (b'X-Debug-Region', b'eu-west-1')])
2026-07-07 10:55:21,242  INFO      httpx  _send_single_request:1740  HTTP Request: POST https://analytics.adobe.io/api/legend0/reports "HTTP/1.1 200 OK"
2026-07-07 10:55:21,243  DEBUG     httpcore.http11  atrace:87  receive_response_body.started request=<Request [b'POST']>
2026-07-07 10:55:21,243  DEBUG     httpcore.http11  atrace:87  receive_response_body.complete
2026-07-07 10:55:21,243  DEBUG     httpcore.http11  atrace:87  response_closed.started
2026-07-07 10:55:21,243  DEBUG     httpcore.http11  atrace:87  response_closed.complete
2026-07-07 10:55:21,244  DEBUG     adobe_downloader.flows.rsid_update  run_rsid_update:204  OK  elcomparadorcom  visits=227295
2026-07-07 10:55:21,268  DEBUG     adobe_downloader.core.api_client  _post:91  POST https://analytics.adobe.io/api/legend0/reports
2026-07-07 10:55:21,268  DEBUG     adobe_downloader.core.api_client  _post:92    headers: {'Authorization': 'Bearer ***', 'x-api-key': '9585bf3b8c6f4d188ad6a1c1e8b8cd57', 'x-proxy-global-company-id': 'legend0', 'x-gw-ims-org-id': '9CE579FD5DCD8B590A495E09@AdobeOrg'}
2026-07-07 10:55:21,268  DEBUG     adobe_downloader.core.api_client  _post:94    body:
{
  "rsid": "tribologyonlinecasinoscom",
  "globalFilters": [
    {
      "type": "dateRange",
      "dateRange": "2026-04-01T00:00:00.000/2026-06-30T00:00:00.000"
    },
    {
      "type": "segment",
      "segmentId": "s3938_61bb0165a88ab931afa78e4c"
    }
  ],
  "metricContainer": {
    "metrics": [
      {
        "columnId": "0",
        "id": "metrics/visitors",
        "sort": "desc"
      },
      {
        "columnId": "1",
        "id": "metrics/visits",
        "sort": "desc"
      }
    ]
  },
  "settings": {
    "countRepeatInstances": true,
    "includeAnnotations": true,
    "page": 0,
    "nonesBehavior": "return-nones",
    "limit": 10
  }
}
2026-07-07 10:55:21,269  DEBUG     adobe_downloader.core.rate_limiter  execute:90  Rate limiter: executing request unknown
2026-07-07 10:55:21,269  DEBUG     httpcore.http11  atrace:87  send_request_headers.started request=<Request [b'POST']>
2026-07-07 10:55:21,270  DEBUG     httpcore.http11  atrace:87  send_request_headers.complete
2026-07-07 10:55:21,270  DEBUG     httpcore.http11  atrace:87  send_request_body.started request=<Request [b'POST']>
2026-07-07 10:55:21,270  DEBUG     httpcore.http11  atrace:87  send_request_body.complete
2026-07-07 10:55:21,270  DEBUG     httpcore.http11  atrace:87  receive_response_headers.started request=<Request [b'POST']>
2026-07-07 10:55:23,469  DEBUG     httpcore.http11  atrace:87  receive_response_headers.complete return_value=(b'HTTP/1.1', 200, b'OK', [(b'Server', b'openresty'), (b'Date', b'Tue, 07 Jul 2026 09:55:23 GMT'), (b'Content-Type', b'application/json;charset=UTF-8'), (b'Content-Length', b'343'), (b'Connection', b'keep-alive'), (b'x-request-id', b'HRh6GvXI3va5PrYdhPhQc5v28ZoaFzen'), (b'xserver-responsetime', b'2125'), (b'xserver', b'reporting-deployment-c8cfdc8d6-gdqf7'), (b'x-correlation-id', b'HRh6GvXI3va5PrYdhPhQc5v28ZoaFzen-0'), (b'cache-control', b'no-cache, no-store, must-revalidate'), (b'pragma', b'no-cache'), (b'expires', b'0'), (b'strict-transport-security', b'max-age=31622400; includeSubDomains'), (b'Access-Control-Allow-Origin', b'*'), (b'Access-Control-Allow-Credentials', b'true'), (b'Access-Control-Max-Age', b'60'), (b'Access-Control-Allow-Methods', b'GET, POST, PATCH, PUT, DELETE, OPTIONS'), (b'Access-Control-Allow-Headers', b'Content-Type,X-Requested-With,accept,Origin,Access-Control-Request-Method,Access-Control-Request-Headers, api-key, Authorization, x-proxy-company, x-proxy-company-id,x-proxy-global-company-id, x-proxy-username, x-proxy-userid, x-request-id,x-api-key, x-gw-ims-org-id'), (b'Access-Control-Expose-Headers', b'Date'), (b'X-Debug-Region', b'eu-west-1')])
2026-07-07 10:55:23,470  INFO      httpx  _send_single_request:1740  HTTP Request: POST https://analytics.adobe.io/api/legend0/reports "HTTP/1.1 200 OK"
2026-07-07 10:55:23,470  DEBUG     httpcore.http11  atrace:87  receive_response_body.started request=<Request [b'POST']>
2026-07-07 10:55:23,470  DEBUG     httpcore.http11  atrace:87  receive_response_body.complete
2026-07-07 10:55:23,471  DEBUG     httpcore.http11  atrace:87  response_closed.started
2026-07-07 10:55:23,471  DEBUG     httpcore.http11  atrace:87  response_closed.complete
2026-07-07 10:55:23,472  DEBUG     adobe_downloader.flows.rsid_update  run_rsid_update:204  OK  OnlineCasinoscom  visits=16178
2026-07-07 10:55:23,497  DEBUG     adobe_downloader.core.api_client  _post:91  POST https://analytics.adobe.io/api/legend0/reports
2026-07-07 10:55:23,497  DEBUG     adobe_downloader.core.api_client  _post:92    headers: {'Authorization': 'Bearer ***', 'x-api-key': '9585bf3b8c6f4d188ad6a1c1e8b8cd57', 'x-proxy-global-company-id': 'legend0', 'x-gw-ims-org-id': '9CE579FD5DCD8B590A495E09@AdobeOrg'}
2026-07-07 10:55:23,497  DEBUG     adobe_downloader.core.api_client  _post:94    body:
{
  "rsid": "tribulation",
  "globalFilters": [
    {
      "type": "dateRange",
      "dateRange": "2026-04-01T00:00:00.000/2026-06-30T00:00:00.000"
    },
    {
      "type": "segment",
      "segmentId": "s3938_61bb0165a88ab931afa78e4c"
    }
  ],
  "metricContainer": {
    "metrics": [
      {
        "columnId": "0",
        "id": "metrics/visitors",
        "sort": "desc"
      },
      {
        "columnId": "1",
        "id": "metrics/visits",
        "sort": "desc"
      }
    ]
  },
  "settings": {
    "countRepeatInstances": true,
    "includeAnnotations": true,
    "page": 0,
    "nonesBehavior": "return-nones",
    "limit": 10
  }
}
2026-07-07 10:55:23,498  DEBUG     adobe_downloader.core.rate_limiter  execute:90  Rate limiter: executing request unknown
2026-07-07 10:55:23,498  DEBUG     httpcore.http11  atrace:87  send_request_headers.started request=<Request [b'POST']>
2026-07-07 10:55:23,499  DEBUG     httpcore.http11  atrace:87  send_request_headers.complete
2026-07-07 10:55:23,499  DEBUG     httpcore.http11  atrace:87  send_request_body.started request=<Request [b'POST']>
2026-07-07 10:55:23,499  DEBUG     httpcore.http11  atrace:87  send_request_body.complete
2026-07-07 10:55:23,499  DEBUG     httpcore.http11  atrace:87  receive_response_headers.started request=<Request [b'POST']>
2026-07-07 10:55:25,507  DEBUG     httpcore.http11  atrace:87  receive_response_headers.complete return_value=(b'HTTP/1.1', 200, b'OK', [(b'Server', b'openresty'), (b'Date', b'Tue, 07 Jul 2026 09:55:25 GMT'), (b'Content-Type', b'application/json;charset=UTF-8'), (b'Content-Length', b'335'), (b'Connection', b'keep-alive'), (b'x-request-id', b'QR07bCPLPU1MHWv8Fy3zoRME4Ki8OLYN'), (b'xserver', b'reporting-deployment-c8cfdc8d6-wpmh2'), (b'x-correlation-id', b'QR07bCPLPU1MHWv8Fy3zoRME4Ki8OLYN-0'), (b'cache-control', b'no-cache, no-store, must-revalidate'), (b'pragma', b'no-cache'), (b'expires', b'0'), (b'strict-transport-security', b'max-age=31622400; includeSubDomains'), (b'xserver-responsetime', b'1930'), (b'Access-Control-Allow-Origin', b'*'), (b'Access-Control-Allow-Credentials', b'true'), (b'Access-Control-Max-Age', b'60'), (b'Access-Control-Allow-Methods', b'GET, POST, PATCH, PUT, DELETE, OPTIONS'), (b'Access-Control-Allow-Headers', b'Content-Type,X-Requested-With,accept,Origin,Access-Control-Request-Method,Access-Control-Request-Headers, api-key, Authorization, x-proxy-company, x-proxy-company-id,x-proxy-global-company-id, x-proxy-username, x-proxy-userid, x-request-id,x-api-key, x-gw-ims-org-id'), (b'Access-Control-Expose-Headers', b'Date'), (b'X-Debug-Region', b'eu-west-1')])
2026-07-07 10:55:25,508  INFO      httpx  _send_single_request:1740  HTTP Request: POST https://analytics.adobe.io/api/legend0/reports "HTTP/1.1 200 OK"
2026-07-07 10:55:25,508  DEBUG     httpcore.http11  atrace:87  receive_response_body.started request=<Request [b'POST']>
2026-07-07 10:55:25,508  DEBUG     httpcore.http11  atrace:87  receive_response_body.complete
2026-07-07 10:55:25,508  DEBUG     httpcore.http11  atrace:87  response_closed.started
2026-07-07 10:55:25,508  DEBUG     httpcore.http11  atrace:87  response_closed.complete
2026-07-07 10:55:25,509  DEBUG     adobe_downloader.flows.rsid_update  run_rsid_update:204  OK  OnlineCasinosus  visits=523
2026-07-07 10:55:25,533  DEBUG     adobe_downloader.core.api_client  _post:91  POST https://analytics.adobe.io/api/legend0/reports
2026-07-07 10:55:25,534  DEBUG     adobe_downloader.core.api_client  _post:92    headers: {'Authorization': 'Bearer ***', 'x-api-key': '9585bf3b8c6f4d188ad6a1c1e8b8cd57', 'x-proxy-global-company-id': 'legend0', 'x-gw-ims-org-id': '9CE579FD5DCD8B590A495E09@AdobeOrg'}
2026-07-07 10:55:25,534  DEBUG     adobe_downloader.core.api_client  _post:94    body:
{
  "rsid": "tribuneapuestasdeportivascom",
  "globalFilters": [
    {
      "type": "dateRange",
      "dateRange": "2026-04-01T00:00:00.000/2026-06-30T00:00:00.000"
    },
    {
      "type": "segment",
      "segmentId": "s3938_61bb0165a88ab931afa78e4c"
    }
  ],
  "metricContainer": {
    "metrics": [
      {
        "columnId": "0",
        "id": "metrics/visitors",
        "sort": "desc"
      },
      {
        "columnId": "1",
        "id": "metrics/visits",
        "sort": "desc"
      }
    ]
  },
  "settings": {
    "countRepeatInstances": true,
    "includeAnnotations": true,
    "page": 0,
    "nonesBehavior": "return-nones",
    "limit": 10
  }
}
2026-07-07 10:55:25,534  DEBUG     adobe_downloader.core.rate_limiter  execute:90  Rate limiter: executing request unknown
2026-07-07 10:55:25,535  DEBUG     httpcore.http11  atrace:87  send_request_headers.started request=<Request [b'POST']>
2026-07-07 10:55:25,535  DEBUG     httpcore.http11  atrace:87  send_request_headers.complete
2026-07-07 10:55:25,535  DEBUG     httpcore.http11  atrace:87  send_request_body.started request=<Request [b'POST']>
2026-07-07 10:55:25,535  DEBUG     httpcore.http11  atrace:87  send_request_body.complete
2026-07-07 10:55:25,535  DEBUG     httpcore.http11  atrace:87  receive_response_headers.started request=<Request [b'POST']>
2026-07-07 10:55:39,257  DEBUG     httpcore.http11  atrace:87  receive_response_headers.complete return_value=(b'HTTP/1.1', 200, b'OK', [(b'Server', b'openresty'), (b'Date', b'Tue, 07 Jul 2026 09:55:39 GMT'), (b'Content-Type', b'application/json;charset=UTF-8'), (b'Content-Length', b'351'), (b'Connection', b'keep-alive'), (b'x-request-id', b'jtigFUTkK7MKX2Q2bUCzBPUabyqm8LWg'), (b'xserver-responsetime', b'13642'), (b'xserver', b'reporting-deployment-c8cfdc8d6-scd69'), (b'x-correlation-id', b'jtigFUTkK7MKX2Q2bUCzBPUabyqm8LWg-0'), (b'cache-control', b'no-cache, no-store, must-revalidate'), (b'pragma', b'no-cache'), (b'expires', b'0'), (b'strict-transport-security', b'max-age=31622400; includeSubDomains'), (b'Access-Control-Allow-Origin', b'*'), (b'Access-Control-Allow-Credentials', b'true'), (b'Access-Control-Max-Age', b'60'), (b'Access-Control-Allow-Methods', b'GET, POST, PATCH, PUT, DELETE, OPTIONS'), (b'Access-Control-Allow-Headers', b'Content-Type,X-Requested-With,accept,Origin,Access-Control-Request-Method,Access-Control-Request-Headers, api-key, Authorization, x-proxy-company, x-proxy-company-id,x-proxy-global-company-id, x-proxy-username, x-proxy-userid, x-request-id,x-api-key, x-gw-ims-org-id'), (b'Access-Control-Expose-Headers', b'Date'), (b'X-Debug-Region', b'eu-west-1')])
2026-07-07 10:55:39,258  INFO      httpx  _send_single_request:1740  HTTP Request: POST https://analytics.adobe.io/api/legend0/reports "HTTP/1.1 200 OK"
2026-07-07 10:55:39,258  DEBUG     httpcore.http11  atrace:87  receive_response_body.started request=<Request [b'POST']>
2026-07-07 10:55:39,259  DEBUG     httpcore.http11  atrace:87  receive_response_body.complete
2026-07-07 10:55:39,259  DEBUG     httpcore.http11  atrace:87  response_closed.started
2026-07-07 10:55:39,259  DEBUG     httpcore.http11  atrace:87  response_closed.complete
2026-07-07 10:55:39,260  DEBUG     adobe_downloader.flows.rsid_update  run_rsid_update:204  OK  Apuestasdeportivascom  visits=2192456
2026-07-07 10:55:39,286  DEBUG     adobe_downloader.core.api_client  _post:91  POST https://analytics.adobe.io/api/legend0/reports
2026-07-07 10:55:39,286  DEBUG     adobe_downloader.core.api_client  _post:92    headers: {'Authorization': 'Bearer ***', 'x-api-key': '9585bf3b8c6f4d188ad6a1c1e8b8cd57', 'x-proxy-global-company-id': 'legend0', 'x-gw-ims-org-id': '9CE579FD5DCD8B590A495E09@AdobeOrg'}
2026-07-07 10:55:39,286  DEBUG     adobe_downloader.core.api_client  _post:94    body:
{
  "rsid": "tricarboxyliconlineslotsca.test",
  "globalFilters": [
    {
      "type": "dateRange",
      "dateRange": "2026-04-01T00:00:00.000/2026-06-30T00:00:00.000"
    },
    {
      "type": "segment",
      "segmentId": "s3938_61bb0165a88ab931afa78e4c"
    }
  ],
  "metricContainer": {
    "metrics": [
      {
        "columnId": "0",
        "id": "metrics/visitors",
        "sort": "desc"
      },
      {
        "columnId": "1",
        "id": "metrics/visits",
        "sort": "desc"
      }
    ]
  },
  "settings": {
    "countRepeatInstances": true,
    "includeAnnotations": true,
    "page": 0,
    "nonesBehavior": "return-nones",
    "limit": 10
  }
}
2026-07-07 10:55:39,286  DEBUG     adobe_downloader.core.rate_limiter  execute:90  Rate limiter: executing request unknown
2026-07-07 10:55:39,287  DEBUG     httpcore.http11  atrace:87  send_request_headers.started request=<Request [b'POST']>
2026-07-07 10:55:39,287  DEBUG     httpcore.http11  atrace:87  send_request_headers.complete
2026-07-07 10:55:39,287  DEBUG     httpcore.http11  atrace:87  send_request_body.started request=<Request [b'POST']>
2026-07-07 10:55:39,287  DEBUG     httpcore.http11  atrace:87  send_request_body.complete
2026-07-07 10:55:39,287  DEBUG     httpcore.http11  atrace:87  receive_response_headers.started request=<Request [b'POST']>
2026-07-07 10:55:43,905  DEBUG     httpcore.http11  atrace:87  receive_response_headers.complete return_value=(b'HTTP/1.1', 200, b'OK', [(b'Server', b'openresty'), (b'Date', b'Tue, 07 Jul 2026 09:55:44 GMT'), (b'Content-Type', b'application/json;charset=UTF-8'), (b'Content-Length', b'343'), (b'Connection', b'keep-alive'), (b'x-request-id', b'5pfDhOmTy0utA6OAk5ZTVqkX62hb6VsW'), (b'xserver', b'reporting-deployment-c8cfdc8d6-dxgcd'), (b'x-correlation-id', b'5pfDhOmTy0utA6OAk5ZTVqkX62hb6VsW-0'), (b'cache-control', b'no-cache, no-store, must-revalidate'), (b'pragma', b'no-cache'), (b'expires', b'0'), (b'strict-transport-security', b'max-age=31622400; includeSubDomains'), (b'xserver-responsetime', b'4543'), (b'Access-Control-Allow-Origin', b'*'), (b'Access-Control-Allow-Credentials', b'true'), (b'Access-Control-Max-Age', b'60'), (b'Access-Control-Allow-Methods', b'GET, POST, PATCH, PUT, DELETE, OPTIONS'), (b'Access-Control-Allow-Headers', b'Content-Type,X-Requested-With,accept,Origin,Access-Control-Request-Method,Access-Control-Request-Headers, api-key, Authorization, x-proxy-company, x-proxy-company-id,x-proxy-global-company-id, x-proxy-username, x-proxy-userid, x-request-id,x-api-key, x-gw-ims-org-id'), (b'Access-Control-Expose-Headers', b'Date'), (b'X-Debug-Region', b'eu-west-1')])
2026-07-07 10:55:43,906  INFO      httpx  _send_single_request:1740  HTTP Request: POST https://analytics.adobe.io/api/legend0/reports "HTTP/1.1 200 OK"
2026-07-07 10:55:43,906  DEBUG     httpcore.http11  atrace:87  receive_response_body.started request=<Request [b'POST']>
2026-07-07 10:55:43,906  DEBUG     httpcore.http11  atrace:87  receive_response_body.complete
2026-07-07 10:55:43,906  DEBUG     httpcore.http11  atrace:87  response_closed.started
2026-07-07 10:55:43,906  DEBUG     httpcore.http11  atrace:87  response_closed.complete
2026-07-07 10:55:43,907  DEBUG     adobe_downloader.flows.rsid_update  run_rsid_update:204  OK  OnlineSlotsca  visits=68195
2026-07-07 10:55:43,930  DEBUG     adobe_downloader.core.api_client  _post:91  POST https://analytics.adobe.io/api/legend0/reports
2026-07-07 10:55:43,930  DEBUG     adobe_downloader.core.api_client  _post:92    headers: {'Authorization': 'Bearer ***', 'x-api-key': '9585bf3b8c6f4d188ad6a1c1e8b8cd57', 'x-proxy-global-company-id': 'legend0', 'x-gw-ims-org-id': '9CE579FD5DCD8B590A495E09@AdobeOrg'}
2026-07-07 10:55:43,930  DEBUG     adobe_downloader.core.api_client  _post:94    body:
{
  "rsid": "tricasgro",
  "globalFilters": [
    {
      "type": "dateRange",
      "dateRange": "2026-04-01T00:00:00.000/2026-06-30T00:00:00.000"
    },
    {
      "type": "segment",
      "segmentId": "s3938_61bb0165a88ab931afa78e4c"
    }
  ],
  "metricContainer": {
    "metrics": [
      {
        "columnId": "0",
        "id": "metrics/visitors",
        "sort": "desc"
      },
      {
        "columnId": "1",
        "id": "metrics/visits",
        "sort": "desc"
      }
    ]
  },
  "settings": {
    "countRepeatInstances": true,
    "includeAnnotations": true,
    "page": 0,
    "nonesBehavior": "return-nones",
    "limit": 10
  }
}
2026-07-07 10:55:43,930  DEBUG     adobe_downloader.core.rate_limiter  execute:90  Rate limiter: executing request unknown
2026-07-07 10:55:43,931  DEBUG     httpcore.http11  atrace:87  send_request_headers.started request=<Request [b'POST']>
2026-07-07 10:55:43,932  DEBUG     httpcore.http11  atrace:87  send_request_headers.complete
2026-07-07 10:55:43,932  DEBUG     httpcore.http11  atrace:87  send_request_body.started request=<Request [b'POST']>
2026-07-07 10:55:43,932  DEBUG     httpcore.http11  atrace:87  send_request_body.complete
2026-07-07 10:55:43,933  DEBUG     httpcore.http11  atrace:87  receive_response_headers.started request=<Request [b'POST']>
2026-07-07 10:55:57,644  DEBUG     httpcore.http11  atrace:87  receive_response_headers.complete return_value=(b'HTTP/1.1', 200, b'OK', [(b'Server', b'openresty'), (b'Date', b'Tue, 07 Jul 2026 09:55:58 GMT'), (b'Content-Type', b'application/json;charset=UTF-8'), (b'Content-Length', b'347'), (b'Connection', b'keep-alive'), (b'x-request-id', b'EueSVT92pcIBZluyQjsupHUs4yt7SPLW'), (b'xserver-responsetime', b'13633'), (b'xserver', b'reporting-deployment-c8cfdc8d6-24728'), (b'x-correlation-id', b'EueSVT92pcIBZluyQjsupHUs4yt7SPLW-0'), (b'cache-control', b'no-cache, no-store, must-revalidate'), (b'pragma', b'no-cache'), (b'expires', b'0'), (b'strict-transport-security', b'max-age=31622400; includeSubDomains'), (b'Access-Control-Allow-Origin', b'*'), (b'Access-Control-Allow-Credentials', b'true'), (b'Access-Control-Max-Age', b'60'), (b'Access-Control-Allow-Methods', b'GET, POST, PATCH, PUT, DELETE, OPTIONS'), (b'Access-Control-Allow-Headers', b'Content-Type,X-Requested-With,accept,Origin,Access-Control-Request-Method,Access-Control-Request-Headers, api-key, Authorization, x-proxy-company, x-proxy-company-id,x-proxy-global-company-id, x-proxy-username, x-proxy-userid, x-request-id,x-api-key, x-gw-ims-org-id'), (b'Access-Control-Expose-Headers', b'Date'), (b'X-Debug-Region', b'eu-west-1')])
2026-07-07 10:55:57,644  INFO      httpx  _send_single_request:1740  HTTP Request: POST https://analytics.adobe.io/api/legend0/reports "HTTP/1.1 200 OK"
2026-07-07 10:55:57,645  DEBUG     httpcore.http11  atrace:87  receive_response_body.started request=<Request [b'POST']>
2026-07-07 10:55:57,645  DEBUG     httpcore.http11  atrace:87  receive_response_body.complete
2026-07-07 10:55:57,646  DEBUG     httpcore.http11  atrace:87  response_closed.started
2026-07-07 10:55:57,646  DEBUG     httpcore.http11  atrace:87  response_closed.complete
2026-07-07 10:55:57,647  DEBUG     adobe_downloader.flows.rsid_update  run_rsid_update:204  OK  Casinogroundscom  visits=302887
2026-07-07 10:55:57,672  DEBUG     adobe_downloader.core.api_client  _post:91  POST https://analytics.adobe.io/api/legend0/reports
2026-07-07 10:55:57,673  DEBUG     adobe_downloader.core.api_client  _post:92    headers: {'Authorization': 'Bearer ***', 'x-api-key': '9585bf3b8c6f4d188ad6a1c1e8b8cd57', 'x-proxy-global-company-id': 'legend0', 'x-gw-ims-org-id': '9CE579FD5DCD8B590A495E09@AdobeOrg'}
2026-07-07 10:55:57,673  DEBUG     adobe_downloader.core.api_client  _post:94    body:
{
  "rsid": "triceratopscasinoin",
  "globalFilters": [
    {
      "type": "dateRange",
      "dateRange": "2026-04-01T00:00:00.000/2026-06-30T00:00:00.000"
    },
    {
      "type": "segment",
      "segmentId": "s3938_61bb0165a88ab931afa78e4c"
    }
  ],
  "metricContainer": {
    "metrics": [
      {
        "columnId": "0",
        "id": "metrics/visitors",
        "sort": "desc"
      },
      {
        "columnId": "1",
        "id": "metrics/visits",
        "sort": "desc"
      }
    ]
  },
  "settings": {
    "countRepeatInstances": true,
    "includeAnnotations": true,
    "page": 0,
    "nonesBehavior": "return-nones",
    "limit": 10
  }
}
2026-07-07 10:55:57,673  DEBUG     adobe_downloader.core.rate_limiter  execute:90  Rate limiter: executing request unknown
2026-07-07 10:55:57,674  DEBUG     httpcore.http11  atrace:87  send_request_headers.started request=<Request [b'POST']>
2026-07-07 10:55:57,674  DEBUG     httpcore.http11  atrace:87  send_request_headers.complete
2026-07-07 10:55:57,674  DEBUG     httpcore.http11  atrace:87  send_request_body.started request=<Request [b'POST']>
2026-07-07 10:55:57,674  DEBUG     httpcore.http11  atrace:87  send_request_body.complete
2026-07-07 10:55:57,674  DEBUG     httpcore.http11  atrace:87  receive_response_headers.started request=<Request [b'POST']>
2026-07-07 10:55:59,755  DEBUG     httpcore.http11  atrace:87  receive_response_headers.complete return_value=(b'HTTP/1.1', 200, b'OK', [(b'Server', b'openresty'), (b'Date', b'Tue, 07 Jul 2026 09:56:00 GMT'), (b'Content-Type', b'application/json;charset=UTF-8'), (b'Content-Length', b'327'), (b'Connection', b'keep-alive'), (b'x-request-id', b'SjrUyeFZ7jX8N00mtRifN9GAYd2gZjje'), (b'xserver', b'reporting-deployment-c8cfdc8d6-wpmh2'), (b'x-correlation-id', b'SjrUyeFZ7jX8N00mtRifN9GAYd2gZjje-0'), (b'cache-control', b'no-cache, no-store, must-revalidate'), (b'pragma', b'no-cache'), (b'expires', b'0'), (b'strict-transport-security', b'max-age=31622400; includeSubDomains'), (b'xserver-responsetime', b'2001'), (b'Access-Control-Allow-Origin', b'*'), (b'Access-Control-Allow-Credentials', b'true'), (b'Access-Control-Max-Age', b'60'), (b'Access-Control-Allow-Methods', b'GET, POST, PATCH, PUT, DELETE, OPTIONS'), (b'Access-Control-Allow-Headers', b'Content-Type,X-Requested-With,accept,Origin,Access-Control-Request-Method,Access-Control-Request-Headers, api-key, Authorization, x-proxy-company, x-proxy-company-id,x-proxy-global-company-id, x-proxy-username, x-proxy-userid, x-request-id,x-api-key, x-gw-ims-org-id'), (b'Access-Control-Expose-Headers', b'Date'), (b'X-Debug-Region', b'eu-west-1')])
2026-07-07 10:55:59,755  INFO      httpx  _send_single_request:1740  HTTP Request: POST https://analytics.adobe.io/api/legend0/reports "HTTP/1.1 200 OK"
2026-07-07 10:55:59,756  DEBUG     httpcore.http11  atrace:87  receive_response_body.started request=<Request [b'POST']>
2026-07-07 10:55:59,756  DEBUG     httpcore.http11  atrace:87  receive_response_body.complete
2026-07-07 10:55:59,757  DEBUG     httpcore.http11  atrace:87  response_closed.started
2026-07-07 10:55:59,757  DEBUG     httpcore.http11  atrace:87  response_closed.complete
2026-07-07 10:55:59,758  DEBUG     adobe_downloader.flows.rsid_update  run_rsid_update:204  OK  Casinoin  visits=0
2026-07-07 10:55:59,782  DEBUG     adobe_downloader.core.api_client  _post:91  POST https://analytics.adobe.io/api/legend0/reports
2026-07-07 10:55:59,783  DEBUG     adobe_downloader.core.api_client  _post:92    headers: {'Authorization': 'Bearer ***', 'x-api-key': '9585bf3b8c6f4d188ad6a1c1e8b8cd57', 'x-proxy-global-company-id': 'legend0', 'x-gw-ims-org-id': '9CE579FD5DCD8B590A495E09@AdobeOrg'}
2026-07-07 10:55:59,783  DEBUG     adobe_downloader.core.api_client  _post:94    body:
{
  "rsid": "trichlorphononlinecasinoconz.test",
  "globalFilters": [
    {
      "type": "dateRange",
      "dateRange": "2026-04-01T00:00:00.000/2026-06-30T00:00:00.000"
    },
    {
      "type": "segment",
      "segmentId": "s3938_61bb0165a88ab931afa78e4c"
    }
  ],
  "metricContainer": {
    "metrics": [
      {
        "columnId": "0",
        "id": "metrics/visitors",
        "sort": "desc"
      },
      {
        "columnId": "1",
        "id": "metrics/visits",
        "sort": "desc"
      }
    ]
  },
  "settings": {
    "countRepeatInstances": true,
    "includeAnnotations": true,
    "page": 0,
    "nonesBehavior": "return-nones",
    "limit": 10
  }
}
2026-07-07 10:55:59,783  DEBUG     adobe_downloader.core.rate_limiter  execute:90  Rate limiter: executing request unknown
2026-07-07 10:55:59,784  DEBUG     httpcore.http11  atrace:87  send_request_headers.started request=<Request [b'POST']>
2026-07-07 10:55:59,784  DEBUG     httpcore.http11  atrace:87  send_request_headers.complete
2026-07-07 10:55:59,784  DEBUG     httpcore.http11  atrace:87  send_request_body.started request=<Request [b'POST']>
2026-07-07 10:55:59,784  DEBUG     httpcore.http11  atrace:87  send_request_body.complete
2026-07-07 10:55:59,784  DEBUG     httpcore.http11  atrace:87  receive_response_headers.started request=<Request [b'POST']>
2026-07-07 10:56:02,788  DEBUG     httpcore.http11  atrace:87  receive_response_headers.complete return_value=(b'HTTP/1.1', 200, b'OK', [(b'Server', b'openresty'), (b'Date', b'Tue, 07 Jul 2026 09:56:03 GMT'), (b'Content-Type', b'application/json;charset=UTF-8'), (b'Content-Length', b'339'), (b'Connection', b'keep-alive'), (b'x-request-id', b'rkHzkS3XTP5drBx9lFhyxkZlkc3JMo60'), (b'xserver-responsetime', b'2923'), (b'xserver', b'reporting-deployment-c8cfdc8d6-24728'), (b'x-correlation-id', b'rkHzkS3XTP5drBx9lFhyxkZlkc3JMo60-0'), (b'cache-control', b'no-cache, no-store, must-revalidate'), (b'pragma', b'no-cache'), (b'expires', b'0'), (b'strict-transport-security', b'max-age=31622400; includeSubDomains'), (b'Access-Control-Allow-Origin', b'*'), (b'Access-Control-Allow-Credentials', b'true'), (b'Access-Control-Max-Age', b'60'), (b'Access-Control-Allow-Methods', b'GET, POST, PATCH, PUT, DELETE, OPTIONS'), (b'Access-Control-Allow-Headers', b'Content-Type,X-Requested-With,accept,Origin,Access-Control-Request-Method,Access-Control-Request-Headers, api-key, Authorization, x-proxy-company, x-proxy-company-id,x-proxy-global-company-id, x-proxy-username, x-proxy-userid, x-request-id,x-api-key, x-gw-ims-org-id'), (b'Access-Control-Expose-Headers', b'Date'), (b'X-Debug-Region', b'eu-west-1')])
2026-07-07 10:56:02,789  INFO      httpx  _send_single_request:1740  HTTP Request: POST https://analytics.adobe.io/api/legend0/reports "HTTP/1.1 200 OK"
2026-07-07 10:56:02,790  DEBUG     httpcore.http11  atrace:87  receive_response_body.started request=<Request [b'POST']>
2026-07-07 10:56:02,790  DEBUG     httpcore.http11  atrace:87  receive_response_body.complete
2026-07-07 10:56:02,791  DEBUG     httpcore.http11  atrace:87  response_closed.started
2026-07-07 10:56:02,791  DEBUG     httpcore.http11  atrace:87  response_closed.complete
2026-07-07 10:56:02,793  DEBUG     adobe_downloader.flows.rsid_update  run_rsid_update:204  OK  OnlineCasinoconz  visits=2577
2026-07-07 10:56:02,817  DEBUG     adobe_downloader.core.api_client  _post:91  POST https://analytics.adobe.io/api/legend0/reports
2026-07-07 10:56:02,817  DEBUG     adobe_downloader.core.api_client  _post:92    headers: {'Authorization': 'Bearer ***', 'x-api-key': '9585bf3b8c6f4d188ad6a1c1e8b8cd57', 'x-proxy-global-company-id': 'legend0', 'x-gw-ims-org-id': '9CE579FD5DCD8B590A495E09@AdobeOrg'}
2026-07-07 10:56:02,817  DEBUG     adobe_downloader.core.api_client  _post:94    body:
{
  "rsid": "tricolourcasinocouk.test",
  "globalFilters": [
    {
      "type": "dateRange",
      "dateRange": "2026-04-01T00:00:00.000/2026-06-30T00:00:00.000"
    },
    {
      "type": "segment",
      "segmentId": "s3938_61bb0165a88ab931afa78e4c"
    }
  ],
  "metricContainer": {
    "metrics": [
      {
        "columnId": "0",
        "id": "metrics/visitors",
        "sort": "desc"
      },
      {
        "columnId": "1",
        "id": "metrics/visits",
        "sort": "desc"
      }
    ]
  },
  "settings": {
    "countRepeatInstances": true,
    "includeAnnotations": true,
    "page": 0,
    "nonesBehavior": "return-nones",
    "limit": 10
  }
}
2026-07-07 10:56:02,817  DEBUG     adobe_downloader.core.rate_limiter  execute:90  Rate limiter: executing request unknown
2026-07-07 10:56:02,818  DEBUG     httpcore.http11  atrace:87  send_request_headers.started request=<Request [b'POST']>
2026-07-07 10:56:02,818  DEBUG     httpcore.http11  atrace:87  send_request_headers.complete
2026-07-07 10:56:02,818  DEBUG     httpcore.http11  atrace:87  send_request_body.started request=<Request [b'POST']>
2026-07-07 10:56:02,819  DEBUG     httpcore.http11  atrace:87  send_request_body.complete
2026-07-07 10:56:02,819  DEBUG     httpcore.http11  atrace:87  receive_response_headers.started request=<Request [b'POST']>
2026-07-07 10:56:05,781  DEBUG     httpcore.http11  atrace:87  receive_response_headers.complete return_value=(b'HTTP/1.1', 200, b'OK', [(b'Server', b'openresty'), (b'Date', b'Tue, 07 Jul 2026 09:56:06 GMT'), (b'Content-Type', b'application/json;charset=UTF-8'), (b'Content-Length', b'339'), (b'Connection', b'keep-alive'), (b'x-request-id', b'255bzJZvd9uDHrNl9udaLnshgY8hHaD9'), (b'xserver-responsetime', b'2880'), (b'xserver', b'reporting-deployment-c8cfdc8d6-24728'), (b'x-correlation-id', b'255bzJZvd9uDHrNl9udaLnshgY8hHaD9-0'), (b'cache-control', b'no-cache, no-store, must-revalidate'), (b'pragma', b'no-cache'), (b'expires', b'0'), (b'strict-transport-security', b'max-age=31622400; includeSubDomains'), (b'Access-Control-Allow-Origin', b'*'), (b'Access-Control-Allow-Credentials', b'true'), (b'Access-Control-Max-Age', b'60'), (b'Access-Control-Allow-Methods', b'GET, POST, PATCH, PUT, DELETE, OPTIONS'), (b'Access-Control-Allow-Headers', b'Content-Type,X-Requested-With,accept,Origin,Access-Control-Request-Method,Access-Control-Request-Headers, api-key, Authorization, x-proxy-company, x-proxy-company-id,x-proxy-global-company-id, x-proxy-username, x-proxy-userid, x-request-id,x-api-key, x-gw-ims-org-id'), (b'Access-Control-Expose-Headers', b'Date'), (b'X-Debug-Region', b'eu-west-1')])
2026-07-07 10:56:05,782  INFO      httpx  _send_single_request:1740  HTTP Request: POST https://analytics.adobe.io/api/legend0/reports "HTTP/1.1 200 OK"
2026-07-07 10:56:05,782  DEBUG     httpcore.http11  atrace:87  receive_response_body.started request=<Request [b'POST']>
2026-07-07 10:56:05,782  DEBUG     httpcore.http11  atrace:87  receive_response_body.complete
2026-07-07 10:56:05,783  DEBUG     httpcore.http11  atrace:87  response_closed.started
2026-07-07 10:56:05,783  DEBUG     httpcore.http11  atrace:87  response_closed.complete
2026-07-07 10:56:05,784  DEBUG     adobe_downloader.flows.rsid_update  run_rsid_update:204  OK  Casinocouk  visits=6551
2026-07-07 10:56:05,810  DEBUG     adobe_downloader.core.api_client  _post:91  POST https://analytics.adobe.io/api/legend0/reports
2026-07-07 10:56:05,810  DEBUG     adobe_downloader.core.api_client  _post:92    headers: {'Authorization': 'Bearer ***', 'x-api-key': '9585bf3b8c6f4d188ad6a1c1e8b8cd57', 'x-proxy-global-company-id': 'legend0', 'x-gw-ims-org-id': '9CE579FD5DCD8B590A495E09@AdobeOrg'}
2026-07-07 10:56:05,810  DEBUG     adobe_downloader.core.api_client  _post:94    body:
{
  "rsid": "tricosanede",
  "globalFilters": [
    {
      "type": "dateRange",
      "dateRange": "2026-04-01T00:00:00.000/2026-06-30T00:00:00.000"
    },
    {
      "type": "segment",
      "segmentId": "s3938_61bb0165a88ab931afa78e4c"
    }
  ],
  "metricContainer": {
    "metrics": [
      {
        "columnId": "0",
        "id": "metrics/visitors",
        "sort": "desc"
      },
      {
        "columnId": "1",
        "id": "metrics/visits",
        "sort": "desc"
      }
    ]
  },
  "settings": {
    "countRepeatInstances": true,
    "includeAnnotations": true,
    "page": 0,
    "nonesBehavior": "return-nones",
    "limit": 10
  }
}
2026-07-07 10:56:05,810  DEBUG     adobe_downloader.core.rate_limiter  execute:90  Rate limiter: executing request unknown
2026-07-07 10:56:05,811  DEBUG     httpcore.http11  atrace:87  send_request_headers.started request=<Request [b'POST']>
2026-07-07 10:56:05,812  DEBUG     httpcore.http11  atrace:87  send_request_headers.complete
2026-07-07 10:56:05,812  DEBUG     httpcore.http11  atrace:87  send_request_body.started request=<Request [b'POST']>
2026-07-07 10:56:05,812  DEBUG     httpcore.http11  atrace:87  send_request_body.complete
2026-07-07 10:56:05,812  DEBUG     httpcore.http11  atrace:87  receive_response_headers.started request=<Request [b'POST']>
2026-07-07 10:56:24,733  DEBUG     httpcore.http11  atrace:87  receive_response_headers.complete return_value=(b'HTTP/1.1', 200, b'OK', [(b'Server', b'openresty'), (b'Date', b'Tue, 07 Jul 2026 09:56:25 GMT'), (b'Content-Type', b'application/json;charset=UTF-8'), (b'Content-Length', b'347'), (b'Connection', b'keep-alive'), (b'x-request-id', b'qFgwtlZqU2dyF1p2E6PIgw8pf4gQdr3c'), (b'xserver-responsetime', b'18845'), (b'xserver', b'reporting-deployment-c8cfdc8d6-scd69'), (b'x-correlation-id', b'qFgwtlZqU2dyF1p2E6PIgw8pf4gQdr3c-0'), (b'cache-control', b'no-cache, no-store, must-revalidate'), (b'pragma', b'no-cache'), (b'expires', b'0'), (b'strict-transport-security', b'max-age=31622400; includeSubDomains'), (b'Access-Control-Allow-Origin', b'*'), (b'Access-Control-Allow-Credentials', b'true'), (b'Access-Control-Max-Age', b'60'), (b'Access-Control-Allow-Methods', b'GET, POST, PATCH, PUT, DELETE, OPTIONS'), (b'Access-Control-Allow-Headers', b'Content-Type,X-Requested-With,accept,Origin,Access-Control-Request-Method,Access-Control-Request-Headers, api-key, Authorization, x-proxy-company, x-proxy-company-id,x-proxy-global-company-id, x-proxy-username, x-proxy-userid, x-request-id,x-api-key, x-gw-ims-org-id'), (b'Access-Control-Expose-Headers', b'Date'), (b'X-Debug-Region', b'eu-west-1')])
2026-07-07 10:56:24,733  INFO      httpx  _send_single_request:1740  HTTP Request: POST https://analytics.adobe.io/api/legend0/reports "HTTP/1.1 200 OK"
2026-07-07 10:56:24,734  DEBUG     httpcore.http11  atrace:87  receive_response_body.started request=<Request [b'POST']>
2026-07-07 10:56:24,734  DEBUG     httpcore.http11  atrace:87  receive_response_body.complete
2026-07-07 10:56:24,735  DEBUG     httpcore.http11  atrace:87  response_closed.started
2026-07-07 10:56:24,735  DEBUG     httpcore.http11  atrace:87  response_closed.complete
2026-07-07 10:56:24,736  DEBUG     adobe_downloader.flows.rsid_update  run_rsid_update:204  OK  GuruDE  visits=600754
2026-07-07 10:56:24,762  DEBUG     adobe_downloader.core.api_client  _post:91  POST https://analytics.adobe.io/api/legend0/reports
2026-07-07 10:56:24,762  DEBUG     adobe_downloader.core.api_client  _post:92    headers: {'Authorization': 'Bearer ***', 'x-api-key': '9585bf3b8c6f4d188ad6a1c1e8b8cd57', 'x-proxy-global-company-id': 'legend0', 'x-gw-ims-org-id': '9CE579FD5DCD8B590A495E09@AdobeOrg'}
2026-07-07 10:56:24,762  DEBUG     adobe_downloader.core.api_client  _post:94    body:
{
  "rsid": "tricosanees",
  "globalFilters": [
    {
      "type": "dateRange",
      "dateRange": "2026-04-01T00:00:00.000/2026-06-30T00:00:00.000"
    },
    {
      "type": "segment",
      "segmentId": "s3938_61bb0165a88ab931afa78e4c"
    }
  ],
  "metricContainer": {
    "metrics": [
      {
        "columnId": "0",
        "id": "metrics/visitors",
        "sort": "desc"
      },
      {
        "columnId": "1",
        "id": "metrics/visits",
        "sort": "desc"
      }
    ]
  },
  "settings": {
    "countRepeatInstances": true,
    "includeAnnotations": true,
    "page": 0,
    "nonesBehavior": "return-nones",
    "limit": 10
  }
}
2026-07-07 10:56:24,762  DEBUG     adobe_downloader.core.rate_limiter  execute:90  Rate limiter: executing request unknown
2026-07-07 10:56:24,763  DEBUG     httpcore.http11  atrace:87  send_request_headers.started request=<Request [b'POST']>
2026-07-07 10:56:24,763  DEBUG     httpcore.http11  atrace:87  send_request_headers.complete
2026-07-07 10:56:24,763  DEBUG     httpcore.http11  atrace:87  send_request_body.started request=<Request [b'POST']>
2026-07-07 10:56:24,764  DEBUG     httpcore.http11  atrace:87  send_request_body.complete
2026-07-07 10:56:24,764  DEBUG     httpcore.http11  atrace:87  receive_response_headers.started request=<Request [b'POST']>
2026-07-07 10:56:40,084  DEBUG     httpcore.http11  atrace:87  receive_response_headers.complete return_value=(b'HTTP/1.1', 200, b'OK', [(b'Server', b'openresty'), (b'Date', b'Tue, 07 Jul 2026 09:56:40 GMT'), (b'Content-Type', b'application/json;charset=UTF-8'), (b'Content-Length', b'347'), (b'Connection', b'keep-alive'), (b'x-request-id', b'FZq0DnGmEFRiSCysvC4wP2dTmj9POoY9'), (b'xserver', b'reporting-deployment-c8cfdc8d6-mj8n8'), (b'x-correlation-id', b'FZq0DnGmEFRiSCysvC4wP2dTmj9POoY9-0'), (b'cache-control', b'no-cache, no-store, must-revalidate'), (b'pragma', b'no-cache'), (b'expires', b'0'), (b'strict-transport-security', b'max-age=31622400; includeSubDomains'), (b'xserver-responsetime', b'15244'), (b'Access-Control-Allow-Origin', b'*'), (b'Access-Control-Allow-Credentials', b'true'), (b'Access-Control-Max-Age', b'60'), (b'Access-Control-Allow-Methods', b'GET, POST, PATCH, PUT, DELETE, OPTIONS'), (b'Access-Control-Allow-Headers', b'Content-Type,X-Requested-With,accept,Origin,Access-Control-Request-Method,Access-Control-Request-Headers, api-key, Authorization, x-proxy-company, x-proxy-company-id,x-proxy-global-company-id, x-proxy-username, x-proxy-userid, x-request-id,x-api-key, x-gw-ims-org-id'), (b'Access-Control-Expose-Headers', b'Date'), (b'X-Debug-Region', b'eu-west-1')])
2026-07-07 10:56:40,085  INFO      httpx  _send_single_request:1740  HTTP Request: POST https://analytics.adobe.io/api/legend0/reports "HTTP/1.1 200 OK"
2026-07-07 10:56:40,085  DEBUG     httpcore.http11  atrace:87  receive_response_body.started request=<Request [b'POST']>
2026-07-07 10:56:40,085  DEBUG     httpcore.http11  atrace:87  receive_response_body.complete
2026-07-07 10:56:40,086  DEBUG     httpcore.http11  atrace:87  response_closed.started
2026-07-07 10:56:40,086  DEBUG     httpcore.http11  atrace:87  response_closed.complete
2026-07-07 10:56:40,087  DEBUG     adobe_downloader.flows.rsid_update  run_rsid_update:204  OK  GuruES  visits=793578
2026-07-07 10:56:40,112  DEBUG     adobe_downloader.core.api_client  _post:91  POST https://analytics.adobe.io/api/legend0/reports
2026-07-07 10:56:40,112  DEBUG     adobe_downloader.core.api_client  _post:92    headers: {'Authorization': 'Bearer ***', 'x-api-key': '9585bf3b8c6f4d188ad6a1c1e8b8cd57', 'x-proxy-global-company-id': 'legend0', 'x-gw-ims-org-id': '9CE579FD5DCD8B590A495E09@AdobeOrg'}
2026-07-07 10:56:40,112  DEBUG     adobe_downloader.core.api_client  _post:94    body:
{
  "rsid": "tricosaneguru",
  "globalFilters": [
    {
      "type": "dateRange",
      "dateRange": "2026-04-01T00:00:00.000/2026-06-30T00:00:00.000"
    },
    {
      "type": "segment",
      "segmentId": "s3938_61bb0165a88ab931afa78e4c"
    }
  ],
  "metricContainer": {
    "metrics": [
      {
        "columnId": "0",
        "id": "metrics/visitors",
        "sort": "desc"
      },
      {
        "columnId": "1",
        "id": "metrics/visits",
        "sort": "desc"
      }
    ]
  },
  "settings": {
    "countRepeatInstances": true,
    "includeAnnotations": true,
    "page": 0,
    "nonesBehavior": "return-nones",
    "limit": 10
  }
}
2026-07-07 10:56:40,112  DEBUG     adobe_downloader.core.rate_limiter  execute:90  Rate limiter: executing request unknown
2026-07-07 10:56:40,113  DEBUG     httpcore.http11  atrace:87  send_request_headers.started request=<Request [b'POST']>
2026-07-07 10:56:40,113  DEBUG     httpcore.http11  atrace:87  send_request_headers.complete
2026-07-07 10:56:40,113  DEBUG     httpcore.http11  atrace:87  send_request_body.started request=<Request [b'POST']>
2026-07-07 10:56:40,113  DEBUG     httpcore.http11  atrace:87  send_request_body.complete
2026-07-07 10:56:40,113  DEBUG     httpcore.http11  atrace:87  receive_response_headers.started request=<Request [b'POST']>
2026-07-07 10:57:05,177  DEBUG     httpcore.http11  atrace:87  receive_response_headers.complete return_value=(b'HTTP/1.1', 200, b'OK', [(b'Server', b'openresty'), (b'Date', b'Tue, 07 Jul 2026 09:57:05 GMT'), (b'Content-Type', b'application/json;charset=UTF-8'), (b'Content-Length', b'351'), (b'Connection', b'keep-alive'), (b'x-request-id', b'07bsps4pza9O14iKx1zQVJSN9qZALfsj'), (b'xserver', b'reporting-deployment-c8cfdc8d6-wpmh2'), (b'x-correlation-id', b'07bsps4pza9O14iKx1zQVJSN9qZALfsj-0'), (b'cache-control', b'no-cache, no-store, must-revalidate'), (b'pragma', b'no-cache'), (b'expires', b'0'), (b'strict-transport-security', b'max-age=31622400; includeSubDomains'), (b'xserver-responsetime', b'24988'), (b'Access-Control-Allow-Origin', b'*'), (b'Access-Control-Allow-Credentials', b'true'), (b'Access-Control-Max-Age', b'60'), (b'Access-Control-Allow-Methods', b'GET, POST, PATCH, PUT, DELETE, OPTIONS'), (b'Access-Control-Allow-Headers', b'Content-Type,X-Requested-With,accept,Origin,Access-Control-Request-Method,Access-Control-Request-Headers, api-key, Authorization, x-proxy-company, x-proxy-company-id,x-proxy-global-company-id, x-proxy-username, x-proxy-userid, x-request-id,x-api-key, x-gw-ims-org-id'), (b'Access-Control-Expose-Headers', b'Date'), (b'X-Debug-Region', b'eu-west-1')])
2026-07-07 10:57:05,177  INFO      httpx  _send_single_request:1740  HTTP Request: POST https://analytics.adobe.io/api/legend0/reports "HTTP/1.1 200 OK"
2026-07-07 10:57:05,178  DEBUG     httpcore.http11  atrace:87  receive_response_body.started request=<Request [b'POST']>
2026-07-07 10:57:05,178  DEBUG     httpcore.http11  atrace:87  receive_response_body.complete
2026-07-07 10:57:05,178  DEBUG     httpcore.http11  atrace:87  response_closed.started
2026-07-07 10:57:05,178  DEBUG     httpcore.http11  atrace:87  response_closed.complete
2026-07-07 10:57:05,179  DEBUG     adobe_downloader.flows.rsid_update  run_rsid_update:204  OK  GuruMain  visits=3552588
2026-07-07 10:57:05,203  DEBUG     adobe_downloader.core.api_client  _post:91  POST https://analytics.adobe.io/api/legend0/reports
2026-07-07 10:57:05,203  DEBUG     adobe_downloader.core.api_client  _post:92    headers: {'Authorization': 'Bearer ***', 'x-api-key': '9585bf3b8c6f4d188ad6a1c1e8b8cd57', 'x-proxy-global-company-id': 'legend0', 'x-gw-ims-org-id': '9CE579FD5DCD8B590A495E09@AdobeOrg'}
2026-07-07 10:57:05,203  DEBUG     adobe_downloader.core.api_client  _post:94    body:
{
  "rsid": "tricosaneit",
  "globalFilters": [
    {
      "type": "dateRange",
      "dateRange": "2026-04-01T00:00:00.000/2026-06-30T00:00:00.000"
    },
    {
      "type": "segment",
      "segmentId": "s3938_61bb0165a88ab931afa78e4c"
    }
  ],
  "metricContainer": {
    "metrics": [
      {
        "columnId": "0",
        "id": "metrics/visitors",
        "sort": "desc"
      },
      {
        "columnId": "1",
        "id": "metrics/visits",
        "sort": "desc"
      }
    ]
  },
  "settings": {
    "countRepeatInstances": true,
    "includeAnnotations": true,
    "page": 0,
    "nonesBehavior": "return-nones",
    "limit": 10
  }
}
2026-07-07 10:57:05,204  DEBUG     adobe_downloader.core.rate_limiter  execute:90  Rate limiter: executing request unknown
2026-07-07 10:57:05,205  DEBUG     httpcore.http11  atrace:87  send_request_headers.started request=<Request [b'POST']>
2026-07-07 10:57:05,205  DEBUG     httpcore.http11  atrace:87  send_request_headers.complete
2026-07-07 10:57:05,205  DEBUG     httpcore.http11  atrace:87  send_request_body.started request=<Request [b'POST']>
2026-07-07 10:57:05,206  DEBUG     httpcore.http11  atrace:87  send_request_body.complete
2026-07-07 10:57:05,206  DEBUG     httpcore.http11  atrace:87  receive_response_headers.started request=<Request [b'POST']>
2026-07-07 10:57:14,427  DEBUG     httpcore.http11  atrace:87  receive_response_headers.complete return_value=(b'HTTP/1.1', 200, b'OK', [(b'Server', b'openresty'), (b'Date', b'Tue, 07 Jul 2026 09:57:14 GMT'), (b'Content-Type', b'application/json;charset=UTF-8'), (b'Content-Length', b'345'), (b'Connection', b'keep-alive'), (b'x-request-id', b'qRNmztQ5bsA7cS2QGP8riOU17HTiuseZ'), (b'xserver', b'reporting-deployment-c8cfdc8d6-74fhz'), (b'x-correlation-id', b'qRNmztQ5bsA7cS2QGP8riOU17HTiuseZ-0'), (b'cache-control', b'no-cache, no-store, must-revalidate'), (b'pragma', b'no-cache'), (b'expires', b'0'), (b'strict-transport-security', b'max-age=31622400; includeSubDomains'), (b'xserver-responsetime', b'9144'), (b'Access-Control-Allow-Origin', b'*'), (b'Access-Control-Allow-Credentials', b'true'), (b'Access-Control-Max-Age', b'60'), (b'Access-Control-Allow-Methods', b'GET, POST, PATCH, PUT, DELETE, OPTIONS'), (b'Access-Control-Allow-Headers', b'Content-Type,X-Requested-With,accept,Origin,Access-Control-Request-Method,Access-Control-Request-Headers, api-key, Authorization, x-proxy-company, x-proxy-company-id,x-proxy-global-company-id, x-proxy-username, x-proxy-userid, x-request-id,x-api-key, x-gw-ims-org-id'), (b'Access-Control-Expose-Headers', b'Date'), (b'X-Debug-Region', b'eu-west-1')])
2026-07-07 10:57:14,427  INFO      httpx  _send_single_request:1740  HTTP Request: POST https://analytics.adobe.io/api/legend0/reports "HTTP/1.1 200 OK"
2026-07-07 10:57:14,428  DEBUG     httpcore.http11  atrace:87  receive_response_body.started request=<Request [b'POST']>
2026-07-07 10:57:14,428  DEBUG     httpcore.http11  atrace:87  receive_response_body.complete
2026-07-07 10:57:14,428  DEBUG     httpcore.http11  atrace:87  response_closed.started
2026-07-07 10:57:14,428  DEBUG     httpcore.http11  atrace:87  response_closed.complete
2026-07-07 10:57:14,429  DEBUG     adobe_downloader.flows.rsid_update  run_rsid_update:204  OK  GuruIT  visits=106786
2026-07-07 10:57:14,453  DEBUG     adobe_downloader.core.api_client  _post:91  POST https://analytics.adobe.io/api/legend0/reports
2026-07-07 10:57:14,453  DEBUG     adobe_downloader.core.api_client  _post:92    headers: {'Authorization': 'Bearer ***', 'x-api-key': '9585bf3b8c6f4d188ad6a1c1e8b8cd57', 'x-proxy-global-company-id': 'legend0', 'x-gw-ims-org-id': '9CE579FD5DCD8B590A495E09@AdobeOrg'}
2026-07-07 10:57:14,453  DEBUG     adobe_downloader.core.api_client  _post:94    body:
{
  "rsid": "tricosanejp",
  "globalFilters": [
    {
      "type": "dateRange",
      "dateRange": "2026-04-01T00:00:00.000/2026-06-30T00:00:00.000"
    },
    {
      "type": "segment",
      "segmentId": "s3938_61bb0165a88ab931afa78e4c"
    }
  ],
  "metricContainer": {
    "metrics": [
      {
        "columnId": "0",
        "id": "metrics/visitors",
        "sort": "desc"
      },
      {
        "columnId": "1",
        "id": "metrics/visits",
        "sort": "desc"
      }
    ]
  },
  "settings": {
    "countRepeatInstances": true,
    "includeAnnotations": true,
    "page": 0,
    "nonesBehavior": "return-nones",
    "limit": 10
  }
}
2026-07-07 10:57:14,453  DEBUG     adobe_downloader.core.rate_limiter  execute:90  Rate limiter: executing request unknown
2026-07-07 10:57:14,454  DEBUG     httpcore.http11  atrace:87  send_request_headers.started request=<Request [b'POST']>
2026-07-07 10:57:14,454  DEBUG     httpcore.http11  atrace:87  send_request_headers.complete
2026-07-07 10:57:14,454  DEBUG     httpcore.http11  atrace:87  send_request_body.started request=<Request [b'POST']>
2026-07-07 10:57:14,454  DEBUG     httpcore.http11  atrace:87  send_request_body.complete
2026-07-07 10:57:14,454  DEBUG     httpcore.http11  atrace:87  receive_response_headers.started request=<Request [b'POST']>
2026-07-07 10:57:18,387  DEBUG     httpcore.http11  atrace:87  receive_response_headers.complete return_value=(b'HTTP/1.1', 200, b'OK', [(b'Server', b'openresty'), (b'Date', b'Tue, 07 Jul 2026 09:57:18 GMT'), (b'Content-Type', b'application/json;charset=UTF-8'), (b'Content-Length', b'343'), (b'Connection', b'keep-alive'), (b'x-request-id', b'kjbA9i4bbdCTz7rJwbM3rcJjK7q2qGm7'), (b'xserver', b'reporting-deployment-c8cfdc8d6-wnr7d'), (b'x-correlation-id', b'kjbA9i4bbdCTz7rJwbM3rcJjK7q2qGm7-0'), (b'cache-control', b'no-cache, no-store, must-revalidate'), (b'pragma', b'no-cache'), (b'expires', b'0'), (b'strict-transport-security', b'max-age=31622400; includeSubDomains'), (b'xserver-responsetime', b'3855'), (b'Access-Control-Allow-Origin', b'*'), (b'Access-Control-Allow-Credentials', b'true'), (b'Access-Control-Max-Age', b'60'), (b'Access-Control-Allow-Methods', b'GET, POST, PATCH, PUT, DELETE, OPTIONS'), (b'Access-Control-Allow-Headers', b'Content-Type,X-Requested-With,accept,Origin,Access-Control-Request-Method,Access-Control-Request-Headers, api-key, Authorization, x-proxy-company, x-proxy-company-id,x-proxy-global-company-id, x-proxy-username, x-proxy-userid, x-request-id,x-api-key, x-gw-ims-org-id'), (b'Access-Control-Expose-Headers', b'Date'), (b'X-Debug-Region', b'eu-west-1')])
2026-07-07 10:57:18,387  INFO      httpx  _send_single_request:1740  HTTP Request: POST https://analytics.adobe.io/api/legend0/reports "HTTP/1.1 200 OK"
2026-07-07 10:57:18,388  DEBUG     httpcore.http11  atrace:87  receive_response_body.started request=<Request [b'POST']>
2026-07-07 10:57:18,388  DEBUG     httpcore.http11  atrace:87  receive_response_body.complete
2026-07-07 10:57:18,388  DEBUG     httpcore.http11  atrace:87  response_closed.started
2026-07-07 10:57:18,389  DEBUG     httpcore.http11  atrace:87  response_closed.complete
2026-07-07 10:57:18,390  DEBUG     adobe_downloader.flows.rsid_update  run_rsid_update:204  OK  GuruJP  visits=51360
2026-07-07 10:57:18,414  DEBUG     adobe_downloader.core.api_client  _post:91  POST https://analytics.adobe.io/api/legend0/reports
2026-07-07 10:57:18,414  DEBUG     adobe_downloader.core.api_client  _post:92    headers: {'Authorization': 'Bearer ***', 'x-api-key': '9585bf3b8c6f4d188ad6a1c1e8b8cd57', 'x-proxy-global-company-id': 'legend0', 'x-gw-ims-org-id': '9CE579FD5DCD8B590A495E09@AdobeOrg'}
2026-07-07 10:57:18,414  DEBUG     adobe_downloader.core.api_client  _post:94    body:
{
  "rsid": "tricosanept",
  "globalFilters": [
    {
      "type": "dateRange",
      "dateRange": "2026-04-01T00:00:00.000/2026-06-30T00:00:00.000"
    },
    {
      "type": "segment",
      "segmentId": "s3938_61bb0165a88ab931afa78e4c"
    }
  ],
  "metricContainer": {
    "metrics": [
      {
        "columnId": "0",
        "id": "metrics/visitors",
        "sort": "desc"
      },
      {
        "columnId": "1",
        "id": "metrics/visits",
        "sort": "desc"
      }
    ]
  },
  "settings": {
    "countRepeatInstances": true,
    "includeAnnotations": true,
    "page": 0,
    "nonesBehavior": "return-nones",
    "limit": 10
  }
}
2026-07-07 10:57:18,414  DEBUG     adobe_downloader.core.rate_limiter  execute:90  Rate limiter: executing request unknown
2026-07-07 10:57:18,415  DEBUG     httpcore.http11  atrace:87  send_request_headers.started request=<Request [b'POST']>
2026-07-07 10:57:18,416  DEBUG     httpcore.http11  atrace:87  send_request_headers.complete
2026-07-07 10:57:18,416  DEBUG     httpcore.http11  atrace:87  send_request_body.started request=<Request [b'POST']>
2026-07-07 10:57:18,416  DEBUG     httpcore.http11  atrace:87  send_request_body.complete
2026-07-07 10:57:18,416  DEBUG     httpcore.http11  atrace:87  receive_response_headers.started request=<Request [b'POST']>
2026-07-07 10:57:27,901  DEBUG     httpcore.http11  atrace:87  receive_response_headers.complete return_value=(b'HTTP/1.1', 200, b'OK', [(b'Server', b'openresty'), (b'Date', b'Tue, 07 Jul 2026 09:57:28 GMT'), (b'Content-Type', b'application/json;charset=UTF-8'), (b'Content-Length', b'347'), (b'Connection', b'keep-alive'), (b'x-request-id', b'wGahAia5zdtSdz0PGFbLMLKhfR5EN0aD'), (b'xserver', b'reporting-deployment-c8cfdc8d6-hdwkl'), (b'x-correlation-id', b'wGahAia5zdtSdz0PGFbLMLKhfR5EN0aD-0'), (b'cache-control', b'no-cache, no-store, must-revalidate'), (b'pragma', b'no-cache'), (b'expires', b'0'), (b'strict-transport-security', b'max-age=31622400; includeSubDomains'), (b'xserver-responsetime', b'9404'), (b'Access-Control-Allow-Origin', b'*'), (b'Access-Control-Allow-Credentials', b'true'), (b'Access-Control-Max-Age', b'60'), (b'Access-Control-Allow-Methods', b'GET, POST, PATCH, PUT, DELETE, OPTIONS'), (b'Access-Control-Allow-Headers', b'Content-Type,X-Requested-With,accept,Origin,Access-Control-Request-Method,Access-Control-Request-Headers, api-key, Authorization, x-proxy-company, x-proxy-company-id,x-proxy-global-company-id, x-proxy-username, x-proxy-userid, x-request-id,x-api-key, x-gw-ims-org-id'), (b'Access-Control-Expose-Headers', b'Date'), (b'X-Debug-Region', b'eu-west-1')])
2026-07-07 10:57:27,902  INFO      httpx  _send_single_request:1740  HTTP Request: POST https://analytics.adobe.io/api/legend0/reports "HTTP/1.1 200 OK"
2026-07-07 10:57:27,903  DEBUG     httpcore.http11  atrace:87  receive_response_body.started request=<Request [b'POST']>
2026-07-07 10:57:27,903  DEBUG     httpcore.http11  atrace:87  receive_response_body.complete
2026-07-07 10:57:27,903  DEBUG     httpcore.http11  atrace:87  response_closed.started
2026-07-07 10:57:27,904  DEBUG     httpcore.http11  atrace:87  response_closed.complete
2026-07-07 10:57:27,904  DEBUG     adobe_downloader.flows.rsid_update  run_rsid_update:204  OK  GuruPT  visits=207407
2026-07-07 10:57:27,928  DEBUG     adobe_downloader.core.api_client  _post:91  POST https://analytics.adobe.io/api/legend0/reports
2026-07-07 10:57:27,928  DEBUG     adobe_downloader.core.api_client  _post:92    headers: {'Authorization': 'Bearer ***', 'x-api-key': '9585bf3b8c6f4d188ad6a1c1e8b8cd57', 'x-proxy-global-company-id': 'legend0', 'x-gw-ims-org-id': '9CE579FD5DCD8B590A495E09@AdobeOrg'}
2026-07-07 10:57:27,928  DEBUG     adobe_downloader.core.api_client  _post:94    body:
{
  "rsid": "tricosanese",
  "globalFilters": [
    {
      "type": "dateRange",
      "dateRange": "2026-04-01T00:00:00.000/2026-06-30T00:00:00.000"
    },
    {
      "type": "segment",
      "segmentId": "s3938_61bb0165a88ab931afa78e4c"
    }
  ],
  "metricContainer": {
    "metrics": [
      {
        "columnId": "0",
        "id": "metrics/visitors",
        "sort": "desc"
      },
      {
        "columnId": "1",
        "id": "metrics/visits",
        "sort": "desc"
      }
    ]
  },
  "settings": {
    "countRepeatInstances": true,
    "includeAnnotations": true,
    "page": 0,
    "nonesBehavior": "return-nones",
    "limit": 10
  }
}
2026-07-07 10:57:27,928  DEBUG     adobe_downloader.core.rate_limiter  execute:90  Rate limiter: executing request unknown
2026-07-07 10:57:27,929  DEBUG     httpcore.http11  atrace:87  send_request_headers.started request=<Request [b'POST']>
2026-07-07 10:57:27,930  DEBUG     httpcore.http11  atrace:87  send_request_headers.complete
2026-07-07 10:57:27,930  DEBUG     httpcore.http11  atrace:87  send_request_body.started request=<Request [b'POST']>
2026-07-07 10:57:27,930  DEBUG     httpcore.http11  atrace:87  send_request_body.complete
2026-07-07 10:57:27,931  DEBUG     httpcore.http11  atrace:87  receive_response_headers.started request=<Request [b'POST']>
2026-07-07 10:57:34,122  DEBUG     httpcore.http11  atrace:87  receive_response_headers.complete return_value=(b'HTTP/1.1', 200, b'OK', [(b'Server', b'openresty'), (b'Date', b'Tue, 07 Jul 2026 09:57:34 GMT'), (b'Content-Type', b'application/json;charset=UTF-8'), (b'Content-Length', b'343'), (b'Connection', b'keep-alive'), (b'x-request-id', b'5S74jNOSB71NuZy3QkYsImV9RDKK47Qr'), (b'xserver', b'reporting-deployment-c8cfdc8d6-mj8n8'), (b'x-correlation-id', b'5S74jNOSB71NuZy3QkYsImV9RDKK47Qr-0'), (b'cache-control', b'no-cache, no-store, must-revalidate'), (b'pragma', b'no-cache'), (b'expires', b'0'), (b'strict-transport-security', b'max-age=31622400; includeSubDomains'), (b'xserver-responsetime', b'6115'), (b'Access-Control-Allow-Origin', b'*'), (b'Access-Control-Allow-Credentials', b'true'), (b'Access-Control-Max-Age', b'60'), (b'Access-Control-Allow-Methods', b'GET, POST, PATCH, PUT, DELETE, OPTIONS'), (b'Access-Control-Allow-Headers', b'Content-Type,X-Requested-With,accept,Origin,Access-Control-Request-Method,Access-Control-Request-Headers, api-key, Authorization, x-proxy-company, x-proxy-company-id,x-proxy-global-company-id, x-proxy-username, x-proxy-userid, x-request-id,x-api-key, x-gw-ims-org-id'), (b'Access-Control-Expose-Headers', b'Date'), (b'X-Debug-Region', b'eu-west-1')])
2026-07-07 10:57:34,123  INFO      httpx  _send_single_request:1740  HTTP Request: POST https://analytics.adobe.io/api/legend0/reports "HTTP/1.1 200 OK"
2026-07-07 10:57:34,124  DEBUG     httpcore.http11  atrace:87  receive_response_body.started request=<Request [b'POST']>
2026-07-07 10:57:34,124  DEBUG     httpcore.http11  atrace:87  receive_response_body.complete
2026-07-07 10:57:34,124  DEBUG     httpcore.http11  atrace:87  response_closed.started
2026-07-07 10:57:34,124  DEBUG     httpcore.http11  atrace:87  response_closed.complete
2026-07-07 10:57:34,125  DEBUG     adobe_downloader.flows.rsid_update  run_rsid_update:204  OK  GuruSE  visits=73687
2026-07-07 10:57:34,151  DEBUG     adobe_downloader.core.api_client  _post:91  POST https://analytics.adobe.io/api/legend0/reports
2026-07-07 10:57:34,151  DEBUG     adobe_downloader.core.api_client  _post:92    headers: {'Authorization': 'Bearer ***', 'x-api-key': '9585bf3b8c6f4d188ad6a1c1e8b8cd57', 'x-proxy-global-company-id': 'legend0', 'x-gw-ims-org-id': '9CE579FD5DCD8B590A495E09@AdobeOrg'}
2026-07-07 10:57:34,152  DEBUG     adobe_downloader.core.api_client  _post:94    body:
{
  "rsid": "tricosanexs",
  "globalFilters": [
    {
      "type": "dateRange",
      "dateRange": "2026-04-01T00:00:00.000/2026-06-30T00:00:00.000"
    },
    {
      "type": "segment",
      "segmentId": "s3938_61bb0165a88ab931afa78e4c"
    }
  ],
  "metricContainer": {
    "metrics": [
      {
        "columnId": "0",
        "id": "metrics/visitors",
        "sort": "desc"
      },
      {
        "columnId": "1",
        "id": "metrics/visits",
        "sort": "desc"
      }
    ]
  },
  "settings": {
    "countRepeatInstances": true,
    "includeAnnotations": true,
    "page": 0,
    "nonesBehavior": "return-nones",
    "limit": 10
  }
}
2026-07-07 10:57:34,152  DEBUG     adobe_downloader.core.rate_limiter  execute:90  Rate limiter: executing request unknown
2026-07-07 10:57:34,152  DEBUG     httpcore.http11  atrace:87  send_request_headers.started request=<Request [b'POST']>
2026-07-07 10:57:34,153  DEBUG     httpcore.http11  atrace:87  send_request_headers.complete
2026-07-07 10:57:34,153  DEBUG     httpcore.http11  atrace:87  send_request_body.started request=<Request [b'POST']>
2026-07-07 10:57:34,153  DEBUG     httpcore.http11  atrace:87  send_request_body.complete
2026-07-07 10:57:34,153  DEBUG     httpcore.http11  atrace:87  receive_response_headers.started request=<Request [b'POST']>
2026-07-07 10:57:55,348  DEBUG     httpcore.http11  atrace:87  receive_response_headers.complete return_value=(b'HTTP/1.1', 200, b'OK', [(b'Server', b'openresty'), (b'Date', b'Tue, 07 Jul 2026 09:57:55 GMT'), (b'Content-Type', b'application/json;charset=UTF-8'), (b'Content-Length', b'347'), (b'Connection', b'keep-alive'), (b'x-request-id', b'5uM98bBGjMZSJD8lYAmBUpCqPHOlJXBW'), (b'xserver-responsetime', b'21061'), (b'xserver', b'reporting-deployment-c8cfdc8d6-gdqf7'), (b'x-correlation-id', b'5uM98bBGjMZSJD8lYAmBUpCqPHOlJXBW-0'), (b'cache-control', b'no-cache, no-store, must-revalidate'), (b'pragma', b'no-cache'), (b'expires', b'0'), (b'strict-transport-security', b'max-age=31622400; includeSubDomains'), (b'Access-Control-Allow-Origin', b'*'), (b'Access-Control-Allow-Credentials', b'true'), (b'Access-Control-Max-Age', b'60'), (b'Access-Control-Allow-Methods', b'GET, POST, PATCH, PUT, DELETE, OPTIONS'), (b'Access-Control-Allow-Headers', b'Content-Type,X-Requested-With,accept,Origin,Access-Control-Request-Method,Access-Control-Request-Headers, api-key, Authorization, x-proxy-company, x-proxy-company-id,x-proxy-global-company-id, x-proxy-username, x-proxy-userid, x-request-id,x-api-key, x-gw-ims-org-id'), (b'Access-Control-Expose-Headers', b'Date'), (b'X-Debug-Region', b'eu-west-1')])
2026-07-07 10:57:55,349  INFO      httpx  _send_single_request:1740  HTTP Request: POST https://analytics.adobe.io/api/legend0/reports "HTTP/1.1 200 OK"
2026-07-07 10:57:55,349  DEBUG     httpcore.http11  atrace:87  receive_response_body.started request=<Request [b'POST']>
2026-07-07 10:57:55,349  DEBUG     httpcore.http11  atrace:87  receive_response_body.complete
2026-07-07 10:57:55,350  DEBUG     httpcore.http11  atrace:87  response_closed.started
2026-07-07 10:57:55,350  DEBUG     httpcore.http11  atrace:87  response_closed.complete
2026-07-07 10:57:55,351  DEBUG     adobe_downloader.flows.rsid_update  run_rsid_update:204  OK  GuruOther  visits=604880
2026-07-07 10:57:55,376  DEBUG     adobe_downloader.core.api_client  _post:91  POST https://analytics.adobe.io/api/legend0/reports
2026-07-07 10:57:55,376  DEBUG     adobe_downloader.core.api_client  _post:92    headers: {'Authorization': 'Bearer ***', 'x-api-key': '9585bf3b8c6f4d188ad6a1c1e8b8cd57', 'x-proxy-global-company-id': 'legend0', 'x-gw-ims-org-id': '9CE579FD5DCD8B590A495E09@AdobeOrg'}
2026-07-07 10:57:55,377  DEBUG     adobe_downloader.core.api_client  _post:94    body:
{
  "rsid": "triduanappsdktest",
  "globalFilters": [
    {
      "type": "dateRange",
      "dateRange": "2026-04-01T00:00:00.000/2026-06-30T00:00:00.000"
    },
    {
      "type": "segment",
      "segmentId": "s3938_61bb0165a88ab931afa78e4c"
    }
  ],
  "metricContainer": {
    "metrics": [
      {
        "columnId": "0",
        "id": "metrics/visitors",
        "sort": "desc"
      },
      {
        "columnId": "1",
        "id": "metrics/visits",
        "sort": "desc"
      }
    ]
  },
  "settings": {
    "countRepeatInstances": true,
    "includeAnnotations": true,
    "page": 0,
    "nonesBehavior": "return-nones",
    "limit": 10
  }
}
2026-07-07 10:57:55,377  DEBUG     adobe_downloader.core.rate_limiter  execute:90  Rate limiter: executing request unknown
2026-07-07 10:57:55,378  DEBUG     httpcore.http11  atrace:87  send_request_headers.started request=<Request [b'POST']>
2026-07-07 10:57:55,378  DEBUG     httpcore.http11  atrace:87  send_request_headers.complete
2026-07-07 10:57:55,378  DEBUG     httpcore.http11  atrace:87  send_request_body.started request=<Request [b'POST']>
2026-07-07 10:57:55,378  DEBUG     httpcore.http11  atrace:87  send_request_body.complete
2026-07-07 10:57:55,378  DEBUG     httpcore.http11  atrace:87  receive_response_headers.started request=<Request [b'POST']>
2026-07-07 10:57:57,293  DEBUG     httpcore.http11  atrace:87  receive_response_headers.complete return_value=(b'HTTP/1.1', 200, b'OK', [(b'Server', b'openresty'), (b'Date', b'Tue, 07 Jul 2026 09:57:57 GMT'), (b'Content-Type', b'application/json;charset=UTF-8'), (b'Content-Length', b'337'), (b'Connection', b'keep-alive'), (b'x-request-id', b'Keoyn4Tp7c7QmaicjBAflU5mg6J7CbGE'), (b'xserver-responsetime', b'1838'), (b'xserver', b'reporting-deployment-c8cfdc8d6-gdqf7'), (b'x-correlation-id', b'Keoyn4Tp7c7QmaicjBAflU5mg6J7CbGE-0'), (b'cache-control', b'no-cache, no-store, must-revalidate'), (b'pragma', b'no-cache'), (b'expires', b'0'), (b'strict-transport-security', b'max-age=31622400; includeSubDomains'), (b'Access-Control-Allow-Origin', b'*'), (b'Access-Control-Allow-Credentials', b'true'), (b'Access-Control-Max-Age', b'60'), (b'Access-Control-Allow-Methods', b'GET, POST, PATCH, PUT, DELETE, OPTIONS'), (b'Access-Control-Allow-Headers', b'Content-Type,X-Requested-With,accept,Origin,Access-Control-Request-Method,Access-Control-Request-Headers, api-key, Authorization, x-proxy-company, x-proxy-company-id,x-proxy-global-company-id, x-proxy-username, x-proxy-userid, x-request-id,x-api-key, x-gw-ims-org-id'), (b'Access-Control-Expose-Headers', b'Date'), (b'X-Debug-Region', b'eu-west-1')])
2026-07-07 10:57:57,293  INFO      httpx  _send_single_request:1740  HTTP Request: POST https://analytics.adobe.io/api/legend0/reports "HTTP/1.1 200 OK"
2026-07-07 10:57:57,294  DEBUG     httpcore.http11  atrace:87  receive_response_body.started request=<Request [b'POST']>
2026-07-07 10:57:57,294  DEBUG     httpcore.http11  atrace:87  receive_response_body.complete
2026-07-07 10:57:57,294  DEBUG     httpcore.http11  atrace:87  response_closed.started
2026-07-07 10:57:57,294  DEBUG     httpcore.http11  atrace:87  response_closed.complete
2026-07-07 10:57:57,295  DEBUG     adobe_downloader.flows.rsid_update  run_rsid_update:204  OK  AppSDKTest  visits=1568
2026-07-07 10:57:57,319  DEBUG     adobe_downloader.core.api_client  _post:91  POST https://analytics.adobe.io/api/legend0/reports
2026-07-07 10:57:57,319  DEBUG     adobe_downloader.core.api_client  _post:92    headers: {'Authorization': 'Bearer ***', 'x-api-key': '9585bf3b8c6f4d188ad6a1c1e8b8cd57', 'x-proxy-global-company-id': 'legend0', 'x-gw-ims-org-id': '9CE579FD5DCD8B590A495E09@AdobeOrg'}
2026-07-07 10:57:57,319  DEBUG     adobe_downloader.core.api_client  _post:94    body:
{
  "rsid": "triengage",
  "globalFilters": [
    {
      "type": "dateRange",
      "dateRange": "2026-04-01T00:00:00.000/2026-06-30T00:00:00.000"
    },
    {
      "type": "segment",
      "segmentId": "s3938_61bb0165a88ab931afa78e4c"
    }
  ],
  "metricContainer": {
    "metrics": [
      {
        "columnId": "0",
        "id": "metrics/visitors",
        "sort": "desc"
      },
      {
        "columnId": "1",
        "id": "metrics/visits",
        "sort": "desc"
      }
    ]
  },
  "settings": {
    "countRepeatInstances": true,
    "includeAnnotations": true,
    "page": 0,
    "nonesBehavior": "return-nones",
    "limit": 10
  }
}
2026-07-07 10:57:57,319  DEBUG     adobe_downloader.core.rate_limiter  execute:90  Rate limiter: executing request unknown
2026-07-07 10:57:57,320  DEBUG     httpcore.http11  atrace:87  send_request_headers.started request=<Request [b'POST']>
2026-07-07 10:57:57,321  DEBUG     httpcore.http11  atrace:87  send_request_headers.complete
2026-07-07 10:57:57,321  DEBUG     httpcore.http11  atrace:87  send_request_body.started request=<Request [b'POST']>
2026-07-07 10:57:57,321  DEBUG     httpcore.http11  atrace:87  send_request_body.complete
2026-07-07 10:57:57,321  DEBUG     httpcore.http11  atrace:87  receive_response_headers.started request=<Request [b'POST']>
2026-07-07 10:58:34,653  DEBUG     httpcore.http11  atrace:87  receive_response_headers.complete return_value=(b'HTTP/1.1', 200, b'OK', [(b'Server', b'openresty'), (b'Date', b'Tue, 07 Jul 2026 09:58:35 GMT'), (b'Content-Type', b'application/json;charset=UTF-8'), (b'Content-Length', b'355'), (b'Connection', b'keep-alive'), (b'x-request-id', b'F31mIWH6B74x2USQNkmwfG6gkG6WRXk6'), (b'xserver', b'reporting-deployment-c8cfdc8d6-wpmh2'), (b'x-correlation-id', b'F31mIWH6B74x2USQNkmwfG6gkG6WRXk6-0'), (b'cache-control', b'no-cache, no-store, must-revalidate'), (b'pragma', b'no-cache'), (b'expires', b'0'), (b'strict-transport-security', b'max-age=31622400; includeSubDomains'), (b'xserver-responsetime', b'37258'), (b'Access-Control-Allow-Origin', b'*'), (b'Access-Control-Allow-Credentials', b'true'), (b'Access-Control-Max-Age', b'60'), (b'Access-Control-Allow-Methods', b'GET, POST, PATCH, PUT, DELETE, OPTIONS'), (b'Access-Control-Allow-Headers', b'Content-Type,X-Requested-With,accept,Origin,Access-Control-Request-Method,Access-Control-Request-Headers, api-key, Authorization, x-proxy-company, x-proxy-company-id,x-proxy-global-company-id, x-proxy-username, x-proxy-userid, x-request-id,x-api-key, x-gw-ims-org-id'), (b'Access-Control-Expose-Headers', b'Date'), (b'X-Debug-Region', b'eu-west-1')])
2026-07-07 10:58:34,654  INFO      httpx  _send_single_request:1740  HTTP Request: POST https://analytics.adobe.io/api/legend0/reports "HTTP/1.1 200 OK"
2026-07-07 10:58:34,654  DEBUG     httpcore.http11  atrace:87  receive_response_body.started request=<Request [b'POST']>
2026-07-07 10:58:34,654  DEBUG     httpcore.http11  atrace:87  receive_response_body.complete
2026-07-07 10:58:34,655  DEBUG     httpcore.http11  atrace:87  response_closed.started
2026-07-07 10:58:34,655  DEBUG     httpcore.http11  atrace:87  response_closed.complete
2026-07-07 10:58:34,656  DEBUG     adobe_downloader.flows.rsid_update  run_rsid_update:204  OK  EngagementPingTestRS  visits=14532854
2026-07-07 10:58:34,679  DEBUG     adobe_downloader.core.api_client  _post:91  POST https://analytics.adobe.io/api/legend0/reports
2026-07-07 10:58:34,679  DEBUG     adobe_downloader.core.api_client  _post:92    headers: {'Authorization': 'Bearer ***', 'x-api-key': '9585bf3b8c6f4d188ad6a1c1e8b8cd57', 'x-proxy-global-company-id': 'legend0', 'x-gw-ims-org-id': '9CE579FD5DCD8B590A495E09@AdobeOrg'}
2026-07-07 10:58:34,679  DEBUG     adobe_downloader.core.api_client  _post:94    body:
{
  "rsid": "triennialpokerde.1sttest",
  "globalFilters": [
    {
      "type": "dateRange",
      "dateRange": "2026-04-01T00:00:00.000/2026-06-30T00:00:00.000"
    },
    {
      "type": "segment",
      "segmentId": "s3938_61bb0165a88ab931afa78e4c"
    }
  ],
  "metricContainer": {
    "metrics": [
      {
        "columnId": "0",
        "id": "metrics/visitors",
        "sort": "desc"
      },
      {
        "columnId": "1",
        "id": "metrics/visits",
        "sort": "desc"
      }
    ]
  },
  "settings": {
    "countRepeatInstances": true,
    "includeAnnotations": true,
    "page": 0,
    "nonesBehavior": "return-nones",
    "limit": 10
  }
}
2026-07-07 10:58:34,680  DEBUG     adobe_downloader.core.rate_limiter  execute:90  Rate limiter: executing request unknown
2026-07-07 10:58:34,681  DEBUG     httpcore.http11  atrace:87  send_request_headers.started request=<Request [b'POST']>
2026-07-07 10:58:34,681  DEBUG     httpcore.http11  atrace:87  send_request_headers.complete
2026-07-07 10:58:34,681  DEBUG     httpcore.http11  atrace:87  send_request_body.started request=<Request [b'POST']>
2026-07-07 10:58:34,681  DEBUG     httpcore.http11  atrace:87  send_request_body.complete
2026-07-07 10:58:34,681  DEBUG     httpcore.http11  atrace:87  receive_response_headers.started request=<Request [b'POST']>
2026-07-07 10:58:40,467  DEBUG     httpcore.http11  atrace:87  receive_response_headers.complete return_value=(b'HTTP/1.1', 200, b'OK', [(b'Server', b'openresty'), (b'Date', b'Tue, 07 Jul 2026 09:58:40 GMT'), (b'Content-Type', b'application/json;charset=UTF-8'), (b'Content-Length', b'343'), (b'Connection', b'keep-alive'), (b'x-request-id', b'qWlYhl7YVySlDK66lN2ABftgYX5RrFpm'), (b'xserver-responsetime', b'5709'), (b'xserver', b'reporting-deployment-5744f4dd5d-q7tjl'), (b'x-correlation-id', b'qWlYhl7YVySlDK66lN2ABftgYX5RrFpm-0'), (b'cache-control', b'no-cache, no-store, must-revalidate'), (b'pragma', b'no-cache'), (b'expires', b'0'), (b'strict-transport-security', b'max-age=31622400; includeSubDomains'), (b'Access-Control-Allow-Origin', b'*'), (b'Access-Control-Allow-Credentials', b'true'), (b'Access-Control-Max-Age', b'60'), (b'Access-Control-Allow-Methods', b'GET, POST, PATCH, PUT, DELETE, OPTIONS'), (b'Access-Control-Allow-Headers', b'Content-Type,X-Requested-With,accept,Origin,Access-Control-Request-Method,Access-Control-Request-Headers, api-key, Authorization, x-proxy-company, x-proxy-company-id,x-proxy-global-company-id, x-proxy-username, x-proxy-userid, x-request-id,x-api-key, x-gw-ims-org-id'), (b'Access-Control-Expose-Headers', b'Date'), (b'X-Debug-Region', b'eu-west-1')])
2026-07-07 10:58:40,468  INFO      httpx  _send_single_request:1740  HTTP Request: POST https://analytics.adobe.io/api/legend0/reports "HTTP/1.1 200 OK"
2026-07-07 10:58:40,468  DEBUG     httpcore.http11  atrace:87  receive_response_body.started request=<Request [b'POST']>
2026-07-07 10:58:40,468  DEBUG     httpcore.http11  atrace:87  receive_response_body.complete
2026-07-07 10:58:40,469  DEBUG     httpcore.http11  atrace:87  response_closed.started
2026-07-07 10:58:40,469  DEBUG     httpcore.http11  atrace:87  response_closed.complete
2026-07-07 10:58:40,470  DEBUG     adobe_downloader.flows.rsid_update  run_rsid_update:204  OK  Pokerde1stSite  visits=99763
2026-07-07 10:58:40,496  DEBUG     adobe_downloader.core.api_client  _post:91  POST https://analytics.adobe.io/api/legend0/reports
2026-07-07 10:58:40,496  DEBUG     adobe_downloader.core.api_client  _post:92    headers: {'Authorization': 'Bearer ***', 'x-api-key': '9585bf3b8c6f4d188ad6a1c1e8b8cd57', 'x-proxy-global-company-id': 'legend0', 'x-gw-ims-org-id': '9CE579FD5DCD8B590A495E09@AdobeOrg'}
2026-07-07 10:58:40,496  DEBUG     adobe_downloader.core.api_client  _post:94    body:
{
  "rsid": "triggerfishonlinegamblingconz.test",
  "globalFilters": [
    {
      "type": "dateRange",
      "dateRange": "2026-04-01T00:00:00.000/2026-06-30T00:00:00.000"
    },
    {
      "type": "segment",
      "segmentId": "s3938_61bb0165a88ab931afa78e4c"
    }
  ],
  "metricContainer": {
    "metrics": [
      {
        "columnId": "0",
        "id": "metrics/visitors",
        "sort": "desc"
      },
      {
        "columnId": "1",
        "id": "metrics/visits",
        "sort": "desc"
      }
    ]
  },
  "settings": {
    "countRepeatInstances": true,
    "includeAnnotations": true,
    "page": 0,
    "nonesBehavior": "return-nones",
    "limit": 10
  }
}
2026-07-07 10:58:40,496  DEBUG     adobe_downloader.core.rate_limiter  execute:90  Rate limiter: executing request unknown
2026-07-07 10:58:40,497  DEBUG     httpcore.http11  atrace:87  send_request_headers.started request=<Request [b'POST']>
2026-07-07 10:58:40,497  DEBUG     httpcore.http11  atrace:87  send_request_headers.complete
2026-07-07 10:58:40,497  DEBUG     httpcore.http11  atrace:87  send_request_body.started request=<Request [b'POST']>
2026-07-07 10:58:40,497  DEBUG     httpcore.http11  atrace:87  send_request_body.complete
2026-07-07 10:58:40,498  DEBUG     httpcore.http11  atrace:87  receive_response_headers.started request=<Request [b'POST']>
2026-07-07 10:58:42,289  DEBUG     httpcore.http11  atrace:87  receive_response_headers.complete return_value=(b'HTTP/1.1', 200, b'OK', [(b'Server', b'openresty'), (b'Date', b'Tue, 07 Jul 2026 09:58:42 GMT'), (b'Content-Type', b'application/json;charset=UTF-8'), (b'Content-Length', b'327'), (b'Connection', b'keep-alive'), (b'x-request-id', b'5i6X8iEJ6jwvVUhPwxdZDGnvn57FggDX'), (b'xserver-responsetime', b'1712'), (b'xserver', b'reporting-deployment-5744f4dd5d-2bbt9'), (b'x-correlation-id', b'5i6X8iEJ6jwvVUhPwxdZDGnvn57FggDX-0'), (b'cache-control', b'no-cache, no-store, must-revalidate'), (b'pragma', b'no-cache'), (b'expires', b'0'), (b'strict-transport-security', b'max-age=31622400; includeSubDomains'), (b'Access-Control-Allow-Origin', b'*'), (b'Access-Control-Allow-Credentials', b'true'), (b'Access-Control-Max-Age', b'60'), (b'Access-Control-Allow-Methods', b'GET, POST, PATCH, PUT, DELETE, OPTIONS'), (b'Access-Control-Allow-Headers', b'Content-Type,X-Requested-With,accept,Origin,Access-Control-Request-Method,Access-Control-Request-Headers, api-key, Authorization, x-proxy-company, x-proxy-company-id,x-proxy-global-company-id, x-proxy-username, x-proxy-userid, x-request-id,x-api-key, x-gw-ims-org-id'), (b'Access-Control-Expose-Headers', b'Date'), (b'X-Debug-Region', b'eu-west-1')])
2026-07-07 10:58:42,289  INFO      httpx  _send_single_request:1740  HTTP Request: POST https://analytics.adobe.io/api/legend0/reports "HTTP/1.1 200 OK"
2026-07-07 10:58:42,290  DEBUG     httpcore.http11  atrace:87  receive_response_body.started request=<Request [b'POST']>
2026-07-07 10:58:42,290  DEBUG     httpcore.http11  atrace:87  receive_response_body.complete
2026-07-07 10:58:42,291  DEBUG     httpcore.http11  atrace:87  response_closed.started
2026-07-07 10:58:42,291  DEBUG     httpcore.http11  atrace:87  response_closed.complete
2026-07-07 10:58:42,292  DEBUG     adobe_downloader.flows.rsid_update  run_rsid_update:204  OK  OnlineGamblingconz  visits=0
2026-07-07 10:58:42,316  DEBUG     adobe_downloader.core.api_client  _post:91  POST https://analytics.adobe.io/api/legend0/reports
2026-07-07 10:58:42,316  DEBUG     adobe_downloader.core.api_client  _post:92    headers: {'Authorization': 'Bearer ***', 'x-api-key': '9585bf3b8c6f4d188ad6a1c1e8b8cd57', 'x-proxy-global-company-id': 'legend0', 'x-gw-ims-org-id': '9CE579FD5DCD8B590A495E09@AdobeOrg'}
2026-07-07 10:58:42,316  DEBUG     adobe_downloader.core.api_client  _post:94    body:
{
  "rsid": "trigonometric",
  "globalFilters": [
    {
      "type": "dateRange",
      "dateRange": "2026-04-01T00:00:00.000/2026-06-30T00:00:00.000"
    },
    {
      "type": "segment",
      "segmentId": "s3938_61bb0165a88ab931afa78e4c"
    }
  ],
  "metricContainer": {
    "metrics": [
      {
        "columnId": "0",
        "id": "metrics/visitors",
        "sort": "desc"
      },
      {
        "columnId": "1",
        "id": "metrics/visits",
        "sort": "desc"
      }
    ]
  },
  "settings": {
    "countRepeatInstances": true,
    "includeAnnotations": true,
    "page": 0,
    "nonesBehavior": "return-nones",
    "limit": 10
  }
}
2026-07-07 10:58:42,316  DEBUG     adobe_downloader.core.rate_limiter  execute:90  Rate limiter: executing request unknown
2026-07-07 10:58:42,317  DEBUG     httpcore.http11  atrace:87  send_request_headers.started request=<Request [b'POST']>
2026-07-07 10:58:42,317  DEBUG     httpcore.http11  atrace:87  send_request_headers.complete
2026-07-07 10:58:42,317  DEBUG     httpcore.http11  atrace:87  send_request_body.started request=<Request [b'POST']>
2026-07-07 10:58:42,318  DEBUG     httpcore.http11  atrace:87  send_request_body.complete
2026-07-07 10:58:42,318  DEBUG     httpcore.http11  atrace:87  receive_response_headers.started request=<Request [b'POST']>
2026-07-07 10:58:43,972  DEBUG     httpcore.http11  atrace:87  receive_response_headers.complete return_value=(b'HTTP/1.1', 200, b'OK', [(b'Server', b'openresty'), (b'Date', b'Tue, 07 Jul 2026 09:58:44 GMT'), (b'Content-Type', b'application/json;charset=UTF-8'), (b'Content-Length', b'327'), (b'Connection', b'keep-alive'), (b'x-request-id', b'u89rB0qcQ0zA3FVow4eoLG6WLJYddNEA'), (b'xserver-responsetime', b'1576'), (b'xserver', b'reporting-deployment-5744f4dd5d-ndr2f'), (b'x-correlation-id', b'u89rB0qcQ0zA3FVow4eoLG6WLJYddNEA-0'), (b'cache-control', b'no-cache, no-store, must-revalidate'), (b'pragma', b'no-cache'), (b'expires', b'0'), (b'strict-transport-security', b'max-age=31622400; includeSubDomains'), (b'Access-Control-Allow-Origin', b'*'), (b'Access-Control-Allow-Credentials', b'true'), (b'Access-Control-Max-Age', b'60'), (b'Access-Control-Allow-Methods', b'GET, POST, PATCH, PUT, DELETE, OPTIONS'), (b'Access-Control-Allow-Headers', b'Content-Type,X-Requested-With,accept,Origin,Access-Control-Request-Method,Access-Control-Request-Headers, api-key, Authorization, x-proxy-company, x-proxy-company-id,x-proxy-global-company-id, x-proxy-username, x-proxy-userid, x-request-id,x-api-key, x-gw-ims-org-id'), (b'Access-Control-Expose-Headers', b'Date'), (b'X-Debug-Region', b'eu-west-1')])
2026-07-07 10:58:43,972  INFO      httpx  _send_single_request:1740  HTTP Request: POST https://analytics.adobe.io/api/legend0/reports "HTTP/1.1 200 OK"
2026-07-07 10:58:43,972  DEBUG     httpcore.http11  atrace:87  receive_response_body.started request=<Request [b'POST']>
2026-07-07 10:58:43,972  DEBUG     httpcore.http11  atrace:87  receive_response_body.complete
2026-07-07 10:58:43,973  DEBUG     httpcore.http11  atrace:87  response_closed.started
2026-07-07 10:58:43,973  DEBUG     httpcore.http11  atrace:87  response_closed.complete
2026-07-07 10:58:43,973  DEBUG     adobe_downloader.flows.rsid_update  run_rsid_update:204  OK  OnlineCasinous  visits=0
2026-07-07 10:58:43,998  DEBUG     adobe_downloader.core.api_client  _post:91  POST https://analytics.adobe.io/api/legend0/reports
2026-07-07 10:58:43,998  DEBUG     adobe_downloader.core.api_client  _post:92    headers: {'Authorization': 'Bearer ***', 'x-api-key': '9585bf3b8c6f4d188ad6a1c1e8b8cd57', 'x-proxy-global-company-id': 'legend0', 'x-gw-ims-org-id': '9CE579FD5DCD8B590A495E09@AdobeOrg'}
2026-07-07 10:58:43,998  DEBUG     adobe_downloader.core.api_client  _post:94    body:
{
  "rsid": "trigononlinecasinoca.test",
  "globalFilters": [
    {
      "type": "dateRange",
      "dateRange": "2026-04-01T00:00:00.000/2026-06-30T00:00:00.000"
    },
    {
      "type": "segment",
      "segmentId": "s3938_61bb0165a88ab931afa78e4c"
    }
  ],
  "metricContainer": {
    "metrics": [
      {
        "columnId": "0",
        "id": "metrics/visitors",
        "sort": "desc"
      },
      {
        "columnId": "1",
        "id": "metrics/visits",
        "sort": "desc"
      }
    ]
  },
  "settings": {
    "countRepeatInstances": true,
    "includeAnnotations": true,
    "page": 0,
    "nonesBehavior": "return-nones",
    "limit": 10
  }
}
2026-07-07 10:58:43,998  DEBUG     adobe_downloader.core.rate_limiter  execute:90  Rate limiter: executing request unknown
2026-07-07 10:58:43,999  DEBUG     httpcore.http11  atrace:87  send_request_headers.started request=<Request [b'POST']>
2026-07-07 10:58:43,999  DEBUG     httpcore.http11  atrace:87  send_request_headers.complete
2026-07-07 10:58:43,999  DEBUG     httpcore.http11  atrace:87  send_request_body.started request=<Request [b'POST']>
2026-07-07 10:58:43,999  DEBUG     httpcore.http11  atrace:87  send_request_body.complete
2026-07-07 10:58:43,999  DEBUG     httpcore.http11  atrace:87  receive_response_headers.started request=<Request [b'POST']>
2026-07-07 10:58:47,650  DEBUG     httpcore.http11  atrace:87  receive_response_headers.complete return_value=(b'HTTP/1.1', 200, b'OK', [(b'Server', b'openresty'), (b'Date', b'Tue, 07 Jul 2026 09:58:48 GMT'), (b'Content-Type', b'application/json;charset=UTF-8'), (b'Content-Length', b'341'), (b'Connection', b'keep-alive'), (b'x-request-id', b'mKlK3GtZ8yqasvdlVnXhOBaChaaGlYIY'), (b'xserver-responsetime', b'3575'), (b'xserver', b'reporting-deployment-5744f4dd5d-8l2mc'), (b'x-correlation-id', b'mKlK3GtZ8yqasvdlVnXhOBaChaaGlYIY-0'), (b'cache-control', b'no-cache, no-store, must-revalidate'), (b'pragma', b'no-cache'), (b'expires', b'0'), (b'strict-transport-security', b'max-age=31622400; includeSubDomains'), (b'Access-Control-Allow-Origin', b'*'), (b'Access-Control-Allow-Credentials', b'true'), (b'Access-Control-Max-Age', b'60'), (b'Access-Control-Allow-Methods', b'GET, POST, PATCH, PUT, DELETE, OPTIONS'), (b'Access-Control-Allow-Headers', b'Content-Type,X-Requested-With,accept,Origin,Access-Control-Request-Method,Access-Control-Request-Headers, api-key, Authorization, x-proxy-company, x-proxy-company-id,x-proxy-global-company-id, x-proxy-username, x-proxy-userid, x-request-id,x-api-key, x-gw-ims-org-id'), (b'Access-Control-Expose-Headers', b'Date'), (b'X-Debug-Region', b'eu-west-1')])
2026-07-07 10:58:47,651  INFO      httpx  _send_single_request:1740  HTTP Request: POST https://analytics.adobe.io/api/legend0/reports "HTTP/1.1 200 OK"
2026-07-07 10:58:47,652  DEBUG     httpcore.http11  atrace:87  receive_response_body.started request=<Request [b'POST']>
2026-07-07 10:58:47,652  DEBUG     httpcore.http11  atrace:87  receive_response_body.complete
2026-07-07 10:58:47,653  DEBUG     httpcore.http11  atrace:87  response_closed.started
2026-07-07 10:58:47,653  DEBUG     httpcore.http11  atrace:87  response_closed.complete
2026-07-07 10:58:47,654  DEBUG     adobe_downloader.flows.rsid_update  run_rsid_update:204  OK  OnlineCasinoca  visits=11082
2026-07-07 10:58:47,679  DEBUG     adobe_downloader.core.api_client  _post:91  POST https://analytics.adobe.io/api/legend0/reports
2026-07-07 10:58:47,679  DEBUG     adobe_downloader.core.api_client  _post:92    headers: {'Authorization': 'Bearer ***', 'x-api-key': '9585bf3b8c6f4d188ad6a1c1e8b8cd57', 'x-proxy-global-company-id': 'legend0', 'x-gw-ims-org-id': '9CE579FD5DCD8B590A495E09@AdobeOrg'}
2026-07-07 10:58:47,679  DEBUG     adobe_downloader.core.api_client  _post:94    body:
{
  "rsid": "trigonsroulettecom",
  "globalFilters": [
    {
      "type": "dateRange",
      "dateRange": "2026-04-01T00:00:00.000/2026-06-30T00:00:00.000"
    },
    {
      "type": "segment",
      "segmentId": "s3938_61bb0165a88ab931afa78e4c"
    }
  ],
  "metricContainer": {
    "metrics": [
      {
        "columnId": "0",
        "id": "metrics/visitors",
        "sort": "desc"
      },
      {
        "columnId": "1",
        "id": "metrics/visits",
        "sort": "desc"
      }
    ]
  },
  "settings": {
    "countRepeatInstances": true,
    "includeAnnotations": true,
    "page": 0,
    "nonesBehavior": "return-nones",
    "limit": 10
  }
}
2026-07-07 10:58:47,680  DEBUG     adobe_downloader.core.rate_limiter  execute:90  Rate limiter: executing request unknown
2026-07-07 10:58:47,680  DEBUG     httpcore.http11  atrace:87  send_request_headers.started request=<Request [b'POST']>
2026-07-07 10:58:47,681  DEBUG     httpcore.http11  atrace:87  send_request_headers.complete
2026-07-07 10:58:47,681  DEBUG     httpcore.http11  atrace:87  send_request_body.started request=<Request [b'POST']>
2026-07-07 10:58:47,681  DEBUG     httpcore.http11  atrace:87  send_request_body.complete
2026-07-07 10:58:47,681  DEBUG     httpcore.http11  atrace:87  receive_response_headers.started request=<Request [b'POST']>
2026-07-07 10:58:49,709  DEBUG     httpcore.http11  atrace:87  receive_response_headers.complete return_value=(b'HTTP/1.1', 200, b'OK', [(b'Server', b'openresty'), (b'Date', b'Tue, 07 Jul 2026 09:58:50 GMT'), (b'Content-Type', b'application/json;charset=UTF-8'), (b'Content-Length', b'339'), (b'Connection', b'keep-alive'), (b'x-request-id', b'vhWfuem7j35yU93Ng5XTLTrFlhdEQBo4'), (b'xserver-responsetime', b'1941'), (b'xserver', b'reporting-deployment-5744f4dd5d-cst8d'), (b'x-correlation-id', b'vhWfuem7j35yU93Ng5XTLTrFlhdEQBo4-0'), (b'cache-control', b'no-cache, no-store, must-revalidate'), (b'pragma', b'no-cache'), (b'expires', b'0'), (b'strict-transport-security', b'max-age=31622400; includeSubDomains'), (b'Access-Control-Allow-Origin', b'*'), (b'Access-Control-Allow-Credentials', b'true'), (b'Access-Control-Max-Age', b'60'), (b'Access-Control-Allow-Methods', b'GET, POST, PATCH, PUT, DELETE, OPTIONS'), (b'Access-Control-Allow-Headers', b'Content-Type,X-Requested-With,accept,Origin,Access-Control-Request-Method,Access-Control-Request-Headers, api-key, Authorization, x-proxy-company, x-proxy-company-id,x-proxy-global-company-id, x-proxy-username, x-proxy-userid, x-request-id,x-api-key, x-gw-ims-org-id'), (b'Access-Control-Expose-Headers', b'Date'), (b'X-Debug-Region', b'eu-west-1')])
2026-07-07 10:58:49,709  INFO      httpx  _send_single_request:1740  HTTP Request: POST https://analytics.adobe.io/api/legend0/reports "HTTP/1.1 200 OK"
2026-07-07 10:58:49,709  DEBUG     httpcore.http11  atrace:87  receive_response_body.started request=<Request [b'POST']>
2026-07-07 10:58:49,709  DEBUG     httpcore.http11  atrace:87  receive_response_body.complete
2026-07-07 10:58:49,710  DEBUG     httpcore.http11  atrace:87  response_closed.started
2026-07-07 10:58:49,710  DEBUG     httpcore.http11  atrace:87  response_closed.complete
2026-07-07 10:58:49,711  DEBUG     adobe_downloader.flows.rsid_update  run_rsid_update:204  OK  Roulettecom  visits=2624
2026-07-07 10:58:49,735  DEBUG     adobe_downloader.core.api_client  _post:91  POST https://analytics.adobe.io/api/legend0/reports
2026-07-07 10:58:49,735  DEBUG     adobe_downloader.core.api_client  _post:92    headers: {'Authorization': 'Bearer ***', 'x-api-key': '9585bf3b8c6f4d188ad6a1c1e8b8cd57', 'x-proxy-global-company-id': 'legend0', 'x-gw-ims-org-id': '9CE579FD5DCD8B590A495E09@AdobeOrg'}
2026-07-07 10:58:49,735  DEBUG     adobe_downloader.core.api_client  _post:94    body:
{
  "rsid": "trigoonlinegamblingcom.aaconnector.valid",
  "globalFilters": [
    {
      "type": "dateRange",
      "dateRange": "2026-04-01T00:00:00.000/2026-06-30T00:00:00.000"
    },
    {
      "type": "segment",
      "segmentId": "s3938_61bb0165a88ab931afa78e4c"
    }
  ],
  "metricContainer": {
    "metrics": [
      {
        "columnId": "0",
        "id": "metrics/visitors",
        "sort": "desc"
      },
      {
        "columnId": "1",
        "id": "metrics/visits",
        "sort": "desc"
      }
    ]
  },
  "settings": {
    "countRepeatInstances": true,
    "includeAnnotations": true,
    "page": 0,
    "nonesBehavior": "return-nones",
    "limit": 10
  }
}
2026-07-07 10:58:49,735  DEBUG     adobe_downloader.core.rate_limiter  execute:90  Rate limiter: executing request unknown
2026-07-07 10:58:49,736  DEBUG     httpcore.http11  atrace:87  send_request_headers.started request=<Request [b'POST']>
2026-07-07 10:58:49,736  DEBUG     httpcore.http11  atrace:87  send_request_headers.complete
2026-07-07 10:58:49,736  DEBUG     httpcore.http11  atrace:87  send_request_body.started request=<Request [b'POST']>
2026-07-07 10:58:49,736  DEBUG     httpcore.http11  atrace:87  send_request_body.complete
2026-07-07 10:58:49,737  DEBUG     httpcore.http11  atrace:87  receive_response_headers.started request=<Request [b'POST']>
2026-07-07 10:58:54,702  DEBUG     httpcore.http11  atrace:87  receive_response_headers.complete return_value=(b'HTTP/1.1', 200, b'OK', [(b'Server', b'openresty'), (b'Date', b'Tue, 07 Jul 2026 09:58:55 GMT'), (b'Content-Type', b'application/json;charset=UTF-8'), (b'Content-Length', b'327'), (b'Connection', b'keep-alive'), (b'x-request-id', b'd4qtxrUdxgGH6VbpXubwkgfNJuwsHsff'), (b'xserver-responsetime', b'4893'), (b'xserver', b'reporting-deployment-5744f4dd5d-czhwr'), (b'x-correlation-id', b'd4qtxrUdxgGH6VbpXubwkgfNJuwsHsff-0'), (b'cache-control', b'no-cache, no-store, must-revalidate'), (b'pragma', b'no-cache'), (b'expires', b'0'), (b'strict-transport-security', b'max-age=31622400; includeSubDomains'), (b'Access-Control-Allow-Origin', b'*'), (b'Access-Control-Allow-Credentials', b'true'), (b'Access-Control-Max-Age', b'60'), (b'Access-Control-Allow-Methods', b'GET, POST, PATCH, PUT, DELETE, OPTIONS'), (b'Access-Control-Allow-Headers', b'Content-Type,X-Requested-With,accept,Origin,Access-Control-Request-Method,Access-Control-Request-Headers, api-key, Authorization, x-proxy-company, x-proxy-company-id,x-proxy-global-company-id, x-proxy-username, x-proxy-userid, x-request-id,x-api-key, x-gw-ims-org-id'), (b'Access-Control-Expose-Headers', b'Date'), (b'X-Debug-Region', b'eu-west-1')])
2026-07-07 10:58:54,703  INFO      httpx  _send_single_request:1740  HTTP Request: POST https://analytics.adobe.io/api/legend0/reports "HTTP/1.1 200 OK"
2026-07-07 10:58:54,703  DEBUG     httpcore.http11  atrace:87  receive_response_body.started request=<Request [b'POST']>
2026-07-07 10:58:54,703  DEBUG     httpcore.http11  atrace:87  receive_response_body.complete
2026-07-07 10:58:54,704  DEBUG     httpcore.http11  atrace:87  response_closed.started
2026-07-07 10:58:54,704  DEBUG     httpcore.http11  atrace:87  response_closed.complete
2026-07-07 10:58:54,705  DEBUG     adobe_downloader.flows.rsid_update  run_rsid_update:204  OK  AAConnector  visits=7
2026-07-07 10:58:54,728  DEBUG     adobe_downloader.core.api_client  _post:91  POST https://analytics.adobe.io/api/legend0/reports
2026-07-07 10:58:54,728  DEBUG     adobe_downloader.core.api_client  _post:92    headers: {'Authorization': 'Bearer ***', 'x-api-key': '9585bf3b8c6f4d188ad6a1c1e8b8cd57', 'x-proxy-global-company-id': 'legend0', 'x-gw-ims-org-id': '9CE579FD5DCD8B590A495E09@AdobeOrg'}
2026-07-07 10:58:54,728  DEBUG     adobe_downloader.core.api_client  _post:94    body:
{
  "rsid": "trigoonlinegamblingcom.test",
  "globalFilters": [
    {
      "type": "dateRange",
      "dateRange": "2026-04-01T00:00:00.000/2026-06-30T00:00:00.000"
    },
    {
      "type": "segment",
      "segmentId": "s3938_61bb0165a88ab931afa78e4c"
    }
  ],
  "metricContainer": {
    "metrics": [
      {
        "columnId": "0",
        "id": "metrics/visitors",
        "sort": "desc"
      },
      {
        "columnId": "1",
        "id": "metrics/visits",
        "sort": "desc"
      }
    ]
  },
  "settings": {
    "countRepeatInstances": true,
    "includeAnnotations": true,
    "page": 0,
    "nonesBehavior": "return-nones",
    "limit": 10
  }
}
2026-07-07 10:58:54,729  DEBUG     adobe_downloader.core.rate_limiter  execute:90  Rate limiter: executing request unknown
2026-07-07 10:58:54,729  DEBUG     httpcore.http11  atrace:87  send_request_headers.started request=<Request [b'POST']>
2026-07-07 10:58:54,730  DEBUG     httpcore.http11  atrace:87  send_request_headers.complete
2026-07-07 10:58:54,730  DEBUG     httpcore.http11  atrace:87  send_request_body.started request=<Request [b'POST']>
2026-07-07 10:58:54,730  DEBUG     httpcore.http11  atrace:87  send_request_body.complete
2026-07-07 10:58:54,730  DEBUG     httpcore.http11  atrace:87  receive_response_headers.started request=<Request [b'POST']>
2026-07-07 10:59:10,280  DEBUG     httpcore.http11  atrace:87  receive_response_headers.complete return_value=(b'HTTP/1.1', 200, b'OK', [(b'Server', b'openresty'), (b'Date', b'Tue, 07 Jul 2026 09:59:10 GMT'), (b'Content-Type', b'application/json;charset=UTF-8'), (b'Content-Length', b'327'), (b'Connection', b'keep-alive'), (b'x-request-id', b'ALzMUWf0qY5Qyjoj8VaW5w8k8F72evs5'), (b'xserver-responsetime', b'15473'), (b'xserver', b'reporting-deployment-5744f4dd5d-cst8d'), (b'x-correlation-id', b'ALzMUWf0qY5Qyjoj8VaW5w8k8F72evs5-0'), (b'cache-control', b'no-cache, no-store, must-revalidate'), (b'pragma', b'no-cache'), (b'expires', b'0'), (b'strict-transport-security', b'max-age=31622400; includeSubDomains'), (b'Access-Control-Allow-Origin', b'*'), (b'Access-Control-Allow-Credentials', b'true'), (b'Access-Control-Max-Age', b'60'), (b'Access-Control-Allow-Methods', b'GET, POST, PATCH, PUT, DELETE, OPTIONS'), (b'Access-Control-Allow-Headers', b'Content-Type,X-Requested-With,accept,Origin,Access-Control-Request-Method,Access-Control-Request-Headers, api-key, Authorization, x-proxy-company, x-proxy-company-id,x-proxy-global-company-id, x-proxy-username, x-proxy-userid, x-request-id,x-api-key, x-gw-ims-org-id'), (b'Access-Control-Expose-Headers', b'Date'), (b'X-Debug-Region', b'eu-west-1')])
2026-07-07 10:59:10,281  INFO      httpx  _send_single_request:1740  HTTP Request: POST https://analytics.adobe.io/api/legend0/reports "HTTP/1.1 200 OK"
2026-07-07 10:59:10,282  DEBUG     httpcore.http11  atrace:87  receive_response_body.started request=<Request [b'POST']>
2026-07-07 10:59:10,282  DEBUG     httpcore.http11  atrace:87  receive_response_body.complete
2026-07-07 10:59:10,283  DEBUG     httpcore.http11  atrace:87  response_closed.started
2026-07-07 10:59:10,283  DEBUG     httpcore.http11  atrace:87  response_closed.complete
2026-07-07 10:59:10,284  DEBUG     adobe_downloader.flows.rsid_update  run_rsid_update:204  OK  OnlineGamblingcom  visits=1
2026-07-07 10:59:10,309  DEBUG     adobe_downloader.core.api_client  _post:91  POST https://analytics.adobe.io/api/legend0/reports
2026-07-07 10:59:10,309  DEBUG     adobe_downloader.core.api_client  _post:92    headers: {'Authorization': 'Bearer ***', 'x-api-key': '9585bf3b8c6f4d188ad6a1c1e8b8cd57', 'x-proxy-global-company-id': 'legend0', 'x-gw-ims-org-id': '9CE579FD5DCD8B590A495E09@AdobeOrg'}
2026-07-07 10:59:10,309  DEBUG     adobe_downloader.core.api_client  _post:94    body:
{
  "rsid": "trigraphcasinospielede",
  "globalFilters": [
    {
      "type": "dateRange",
      "dateRange": "2026-04-01T00:00:00.000/2026-06-30T00:00:00.000"
    },
    {
      "type": "segment",
      "segmentId": "s3938_61bb0165a88ab931afa78e4c"
    }
  ],
  "metricContainer": {
    "metrics": [
      {
        "columnId": "0",
        "id": "metrics/visitors",
        "sort": "desc"
      },
      {
        "columnId": "1",
        "id": "metrics/visits",
        "sort": "desc"
      }
    ]
  },
  "settings": {
    "countRepeatInstances": true,
    "includeAnnotations": true,
    "page": 0,
    "nonesBehavior": "return-nones",
    "limit": 10
  }
}
2026-07-07 10:59:10,310  DEBUG     adobe_downloader.core.rate_limiter  execute:90  Rate limiter: executing request unknown
2026-07-07 10:59:10,310  DEBUG     httpcore.http11  atrace:87  send_request_headers.started request=<Request [b'POST']>
2026-07-07 10:59:10,311  DEBUG     httpcore.http11  atrace:87  send_request_headers.complete
2026-07-07 10:59:10,311  DEBUG     httpcore.http11  atrace:87  send_request_body.started request=<Request [b'POST']>
2026-07-07 10:59:10,311  DEBUG     httpcore.http11  atrace:87  send_request_body.complete
2026-07-07 10:59:10,311  DEBUG     httpcore.http11  atrace:87  receive_response_headers.started request=<Request [b'POST']>
2026-07-07 10:59:13,902  DEBUG     httpcore.http11  atrace:87  receive_response_headers.complete return_value=(b'HTTP/1.1', 200, b'OK', [(b'Server', b'openresty'), (b'Date', b'Tue, 07 Jul 2026 09:59:14 GMT'), (b'Content-Type', b'application/json;charset=UTF-8'), (b'Content-Length', b'341'), (b'Connection', b'keep-alive'), (b'x-request-id', b'KAh6yOwtb5lp9kzF731rSr04gbSVnvQ9'), (b'xserver-responsetime', b'3513'), (b'xserver', b'reporting-deployment-5744f4dd5d-n2tmp'), (b'x-correlation-id', b'KAh6yOwtb5lp9kzF731rSr04gbSVnvQ9-0'), (b'cache-control', b'no-cache, no-store, must-revalidate'), (b'pragma', b'no-cache'), (b'expires', b'0'), (b'strict-transport-security', b'max-age=31622400; includeSubDomains'), (b'Access-Control-Allow-Origin', b'*'), (b'Access-Control-Allow-Credentials', b'true'), (b'Access-Control-Max-Age', b'60'), (b'Access-Control-Allow-Methods', b'GET, POST, PATCH, PUT, DELETE, OPTIONS'), (b'Access-Control-Allow-Headers', b'Content-Type,X-Requested-With,accept,Origin,Access-Control-Request-Method,Access-Control-Request-Headers, api-key, Authorization, x-proxy-company, x-proxy-company-id,x-proxy-global-company-id, x-proxy-username, x-proxy-userid, x-request-id,x-api-key, x-gw-ims-org-id'), (b'Access-Control-Expose-Headers', b'Date'), (b'X-Debug-Region', b'eu-west-1')])
2026-07-07 10:59:13,902  INFO      httpx  _send_single_request:1740  HTTP Request: POST https://analytics.adobe.io/api/legend0/reports "HTTP/1.1 200 OK"
2026-07-07 10:59:13,902  DEBUG     httpcore.http11  atrace:87  receive_response_body.started request=<Request [b'POST']>
2026-07-07 10:59:13,902  DEBUG     httpcore.http11  atrace:87  receive_response_body.complete
2026-07-07 10:59:13,903  DEBUG     httpcore.http11  atrace:87  response_closed.started
2026-07-07 10:59:13,903  DEBUG     httpcore.http11  atrace:87  response_closed.complete
2026-07-07 10:59:13,903  DEBUG     adobe_downloader.flows.rsid_update  run_rsid_update:204  OK  CasinoSpielede  visits=13208
2026-07-07 10:59:13,927  DEBUG     adobe_downloader.core.api_client  _post:91  POST https://analytics.adobe.io/api/legend0/reports
2026-07-07 10:59:13,927  DEBUG     adobe_downloader.core.api_client  _post:92    headers: {'Authorization': 'Bearer ***', 'x-api-key': '9585bf3b8c6f4d188ad6a1c1e8b8cd57', 'x-proxy-global-company-id': 'legend0', 'x-gw-ims-org-id': '9CE579FD5DCD8B590A495E09@AdobeOrg'}
2026-07-07 10:59:13,927  DEBUG     adobe_downloader.core.api_client  _post:94    body:
{
  "rsid": "trigspokersitescom.test",
  "globalFilters": [
    {
      "type": "dateRange",
      "dateRange": "2026-04-01T00:00:00.000/2026-06-30T00:00:00.000"
    },
    {
      "type": "segment",
      "segmentId": "s3938_61bb0165a88ab931afa78e4c"
    }
  ],
  "metricContainer": {
    "metrics": [
      {
        "columnId": "0",
        "id": "metrics/visitors",
        "sort": "desc"
      },
      {
        "columnId": "1",
        "id": "metrics/visits",
        "sort": "desc"
      }
    ]
  },
  "settings": {
    "countRepeatInstances": true,
    "includeAnnotations": true,
    "page": 0,
    "nonesBehavior": "return-nones",
    "limit": 10
  }
}
2026-07-07 10:59:13,928  DEBUG     adobe_downloader.core.rate_limiter  execute:90  Rate limiter: executing request unknown
2026-07-07 10:59:13,929  DEBUG     httpcore.http11  atrace:87  send_request_headers.started request=<Request [b'POST']>
2026-07-07 10:59:13,930  DEBUG     httpcore.http11  atrace:87  send_request_headers.complete
2026-07-07 10:59:13,930  DEBUG     httpcore.http11  atrace:87  send_request_body.started request=<Request [b'POST']>
2026-07-07 10:59:13,930  DEBUG     httpcore.http11  atrace:87  send_request_body.complete
2026-07-07 10:59:13,930  DEBUG     httpcore.http11  atrace:87  receive_response_headers.started request=<Request [b'POST']>
2026-07-07 10:59:16,473  DEBUG     httpcore.http11  atrace:87  receive_response_headers.complete return_value=(b'HTTP/1.1', 200, b'OK', [(b'Server', b'openresty'), (b'Date', b'Tue, 07 Jul 2026 09:59:16 GMT'), (b'Content-Type', b'application/json;charset=UTF-8'), (b'Content-Length', b'339'), (b'Connection', b'keep-alive'), (b'x-request-id', b'uHU8BUaSSBE37AFWeynhLhqprbwAkUb1'), (b'xserver-responsetime', b'2464'), (b'xserver', b'reporting-deployment-5744f4dd5d-q7tjl'), (b'x-correlation-id', b'uHU8BUaSSBE37AFWeynhLhqprbwAkUb1-0'), (b'cache-control', b'no-cache, no-store, must-revalidate'), (b'pragma', b'no-cache'), (b'expires', b'0'), (b'strict-transport-security', b'max-age=31622400; includeSubDomains'), (b'Access-Control-Allow-Origin', b'*'), (b'Access-Control-Allow-Credentials', b'true'), (b'Access-Control-Max-Age', b'60'), (b'Access-Control-Allow-Methods', b'GET, POST, PATCH, PUT, DELETE, OPTIONS'), (b'Access-Control-Allow-Headers', b'Content-Type,X-Requested-With,accept,Origin,Access-Control-Request-Method,Access-Control-Request-Headers, api-key, Authorization, x-proxy-company, x-proxy-company-id,x-proxy-global-company-id, x-proxy-username, x-proxy-userid, x-request-id,x-api-key, x-gw-ims-org-id'), (b'Access-Control-Expose-Headers', b'Date'), (b'X-Debug-Region', b'eu-west-1')])
2026-07-07 10:59:16,473  INFO      httpx  _send_single_request:1740  HTTP Request: POST https://analytics.adobe.io/api/legend0/reports "HTTP/1.1 200 OK"
2026-07-07 10:59:16,473  DEBUG     httpcore.http11  atrace:87  receive_response_body.started request=<Request [b'POST']>
2026-07-07 10:59:16,474  DEBUG     httpcore.http11  atrace:87  receive_response_body.complete
2026-07-07 10:59:16,474  DEBUG     httpcore.http11  atrace:87  response_closed.started
2026-07-07 10:59:16,474  DEBUG     httpcore.http11  atrace:87  response_closed.complete
2026-07-07 10:59:16,475  DEBUG     adobe_downloader.flows.rsid_update  run_rsid_update:204  OK  Pokersitescom  visits=4063
2026-07-07 10:59:16,497  DEBUG     adobe_downloader.core.api_client  _post:91  POST https://analytics.adobe.io/api/legend0/reports
2026-07-07 10:59:16,497  DEBUG     adobe_downloader.core.api_client  _post:92    headers: {'Authorization': 'Bearer ***', 'x-api-key': '9585bf3b8c6f4d188ad6a1c1e8b8cd57', 'x-proxy-global-company-id': 'legend0', 'x-gw-ims-org-id': '9CE579FD5DCD8B590A495E09@AdobeOrg'}
2026-07-07 10:59:16,497  DEBUG     adobe_downloader.core.api_client  _post:94    body:
{
  "rsid": "trihybridsportsbookreviewcom",
  "globalFilters": [
    {
      "type": "dateRange",
      "dateRange": "2026-04-01T00:00:00.000/2026-06-30T00:00:00.000"
    },
    {
      "type": "segment",
      "segmentId": "s3938_61bb0165a88ab931afa78e4c"
    }
  ],
  "metricContainer": {
    "metrics": [
      {
        "columnId": "0",
        "id": "metrics/visitors",
        "sort": "desc"
      },
      {
        "columnId": "1",
        "id": "metrics/visits",
        "sort": "desc"
      }
    ]
  },
  "settings": {
    "countRepeatInstances": true,
    "includeAnnotations": true,
    "page": 0,
    "nonesBehavior": "return-nones",
    "limit": 10
  }
}
2026-07-07 10:59:16,497  DEBUG     adobe_downloader.core.rate_limiter  execute:90  Rate limiter: executing request unknown
2026-07-07 10:59:16,498  DEBUG     httpcore.http11  atrace:87  send_request_headers.started request=<Request [b'POST']>
2026-07-07 10:59:16,499  DEBUG     httpcore.http11  atrace:87  send_request_headers.complete
2026-07-07 10:59:16,499  DEBUG     httpcore.http11  atrace:87  send_request_body.started request=<Request [b'POST']>
2026-07-07 10:59:16,499  DEBUG     httpcore.http11  atrace:87  send_request_body.complete
2026-07-07 10:59:16,500  DEBUG     httpcore.http11  atrace:87  receive_response_headers.started request=<Request [b'POST']>
2026-07-07 10:59:43,333  DEBUG     httpcore.http11  atrace:87  receive_response_headers.complete return_value=(b'HTTP/1.1', 200, b'OK', [(b'Server', b'openresty'), (b'Date', b'Tue, 07 Jul 2026 09:59:43 GMT'), (b'Content-Type', b'application/json;charset=UTF-8'), (b'Content-Length', b'351'), (b'Connection', b'keep-alive'), (b'x-request-id', b'1RPFXw7wJjHhjYSgTCJ3WlhFJCk3zzAs'), (b'xserver-responsetime', b'26756'), (b'xserver', b'reporting-deployment-5744f4dd5d-vnxtw'), (b'x-correlation-id', b'1RPFXw7wJjHhjYSgTCJ3WlhFJCk3zzAs-0'), (b'cache-control', b'no-cache, no-store, must-revalidate'), (b'pragma', b'no-cache'), (b'expires', b'0'), (b'strict-transport-security', b'max-age=31622400; includeSubDomains'), (b'Access-Control-Allow-Origin', b'*'), (b'Access-Control-Allow-Credentials', b'true'), (b'Access-Control-Max-Age', b'60'), (b'Access-Control-Allow-Methods', b'GET, POST, PATCH, PUT, DELETE, OPTIONS'), (b'Access-Control-Allow-Headers', b'Content-Type,X-Requested-With,accept,Origin,Access-Control-Request-Method,Access-Control-Request-Headers, api-key, Authorization, x-proxy-company, x-proxy-company-id,x-proxy-global-company-id, x-proxy-username, x-proxy-userid, x-request-id,x-api-key, x-gw-ims-org-id'), (b'Access-Control-Expose-Headers', b'Date'), (b'X-Debug-Region', b'eu-west-1')])
2026-07-07 10:59:43,334  INFO      httpx  _send_single_request:1740  HTTP Request: POST https://analytics.adobe.io/api/legend0/reports "HTTP/1.1 200 OK"
2026-07-07 10:59:43,335  DEBUG     httpcore.http11  atrace:87  receive_response_body.started request=<Request [b'POST']>
2026-07-07 10:59:43,335  DEBUG     httpcore.http11  atrace:87  receive_response_body.complete
2026-07-07 10:59:43,335  DEBUG     httpcore.http11  atrace:87  response_closed.started
2026-07-07 10:59:43,335  DEBUG     httpcore.http11  atrace:87  response_closed.complete
2026-07-07 10:59:43,336  DEBUG     adobe_downloader.flows.rsid_update  run_rsid_update:204  OK  SportsBookReviewcom  visits=1385460
2026-07-07 10:59:43,363  DEBUG     adobe_downloader.core.api_client  _post:91  POST https://analytics.adobe.io/api/legend0/reports
2026-07-07 10:59:43,363  DEBUG     adobe_downloader.core.api_client  _post:92    headers: {'Authorization': 'Bearer ***', 'x-api-key': '9585bf3b8c6f4d188ad6a1c1e8b8cd57', 'x-proxy-global-company-id': 'legend0', 'x-gw-ims-org-id': '9CE579FD5DCD8B590A495E09@AdobeOrg'}
2026-07-07 10:59:43,363  DEBUG     adobe_downloader.core.api_client  _post:94    body:
{
  "rsid": "triillreplaypoker.com",
  "globalFilters": [
    {
      "type": "dateRange",
      "dateRange": "2026-04-01T00:00:00.000/2026-06-30T00:00:00.000"
    },
    {
      "type": "segment",
      "segmentId": "s3938_61bb0165a88ab931afa78e4c"
    }
  ],
  "metricContainer": {
    "metrics": [
      {
        "columnId": "0",
        "id": "metrics/visitors",
        "sort": "desc"
      },
      {
        "columnId": "1",
        "id": "metrics/visits",
        "sort": "desc"
      }
    ]
  },
  "settings": {
    "countRepeatInstances": true,
    "includeAnnotations": true,
    "page": 0,
    "nonesBehavior": "return-nones",
    "limit": 10
  }
}
2026-07-07 10:59:43,363  DEBUG     adobe_downloader.core.rate_limiter  execute:90  Rate limiter: executing request unknown
2026-07-07 10:59:43,364  DEBUG     httpcore.http11  atrace:87  send_request_headers.started request=<Request [b'POST']>
2026-07-07 10:59:43,364  DEBUG     httpcore.http11  atrace:87  send_request_headers.complete
2026-07-07 10:59:43,364  DEBUG     httpcore.http11  atrace:87  send_request_body.started request=<Request [b'POST']>
2026-07-07 10:59:43,365  DEBUG     httpcore.http11  atrace:87  send_request_body.complete
2026-07-07 10:59:43,365  DEBUG     httpcore.http11  atrace:87  receive_response_headers.started request=<Request [b'POST']>
2026-07-07 10:59:50,747  DEBUG     httpcore.http11  atrace:87  receive_response_headers.complete return_value=(b'HTTP/1.1', 200, b'OK', [(b'Server', b'openresty'), (b'Date', b'Tue, 07 Jul 2026 09:59:51 GMT'), (b'Content-Type', b'application/json;charset=UTF-8'), (b'Content-Length', b'333'), (b'Connection', b'keep-alive'), (b'x-request-id', b'u1FA0rO5Gts5S61gshVpEGIVsibrCCcU'), (b'xserver-responsetime', b'7305'), (b'xserver', b'reporting-deployment-5744f4dd5d-n2tmp'), (b'x-correlation-id', b'u1FA0rO5Gts5S61gshVpEGIVsibrCCcU-0'), (b'cache-control', b'no-cache, no-store, must-revalidate'), (b'pragma', b'no-cache'), (b'expires', b'0'), (b'strict-transport-security', b'max-age=31622400; includeSubDomains'), (b'Access-Control-Allow-Origin', b'*'), (b'Access-Control-Allow-Credentials', b'true'), (b'Access-Control-Max-Age', b'60'), (b'Access-Control-Allow-Methods', b'GET, POST, PATCH, PUT, DELETE, OPTIONS'), (b'Access-Control-Allow-Headers', b'Content-Type,X-Requested-With,accept,Origin,Access-Control-Request-Method,Access-Control-Request-Headers, api-key, Authorization, x-proxy-company, x-proxy-company-id,x-proxy-global-company-id, x-proxy-username, x-proxy-userid, x-request-id,x-api-key, x-gw-ims-org-id'), (b'Access-Control-Expose-Headers', b'Date'), (b'X-Debug-Region', b'eu-west-1')])
2026-07-07 10:59:50,748  INFO      httpx  _send_single_request:1740  HTTP Request: POST https://analytics.adobe.io/api/legend0/reports "HTTP/1.1 200 OK"
2026-07-07 10:59:50,748  DEBUG     httpcore.http11  atrace:87  receive_response_body.started request=<Request [b'POST']>
2026-07-07 10:59:50,748  DEBUG     httpcore.http11  atrace:87  receive_response_body.complete
2026-07-07 10:59:50,749  DEBUG     httpcore.http11  atrace:87  response_closed.started
2026-07-07 10:59:50,749  DEBUG     httpcore.http11  atrace:87  response_closed.complete
2026-07-07 10:59:50,749  DEBUG     adobe_downloader.flows.rsid_update  run_rsid_update:204  OK  ReplayPoker  visits=117
2026-07-07 10:59:50,775  DEBUG     adobe_downloader.core.api_client  _post:91  POST https://analytics.adobe.io/api/legend0/reports
2026-07-07 10:59:50,775  DEBUG     adobe_downloader.core.api_client  _post:92    headers: {'Authorization': 'Bearer ***', 'x-api-key': '9585bf3b8c6f4d188ad6a1c1e8b8cd57', 'x-proxy-global-company-id': 'legend0', 'x-gw-ims-org-id': '9CE579FD5DCD8B590A495E09@AdobeOrg'}
2026-07-07 10:59:50,775  DEBUG     adobe_downloader.core.api_client  _post:94    body:
{
  "rsid": "trijetonlinegamblingca.test",
  "globalFilters": [
    {
      "type": "dateRange",
      "dateRange": "2026-04-01T00:00:00.000/2026-06-30T00:00:00.000"
    },
    {
      "type": "segment",
      "segmentId": "s3938_61bb0165a88ab931afa78e4c"
    }
  ],
  "metricContainer": {
    "metrics": [
      {
        "columnId": "0",
        "id": "metrics/visitors",
        "sort": "desc"
      },
      {
        "columnId": "1",
        "id": "metrics/visits",
        "sort": "desc"
      }
    ]
  },
  "settings": {
    "countRepeatInstances": true,
    "includeAnnotations": true,
    "page": 0,
    "nonesBehavior": "return-nones",
    "limit": 10
  }
}
2026-07-07 10:59:50,775  DEBUG     adobe_downloader.core.rate_limiter  execute:90  Rate limiter: executing request unknown
2026-07-07 10:59:50,776  DEBUG     httpcore.http11  atrace:87  send_request_headers.started request=<Request [b'POST']>
2026-07-07 10:59:50,777  DEBUG     httpcore.http11  atrace:87  send_request_headers.complete
2026-07-07 10:59:50,777  DEBUG     httpcore.http11  atrace:87  send_request_body.started request=<Request [b'POST']>
2026-07-07 10:59:50,777  DEBUG     httpcore.http11  atrace:87  send_request_body.complete
2026-07-07 10:59:50,777  DEBUG     httpcore.http11  atrace:87  receive_response_headers.started request=<Request [b'POST']>
2026-07-07 10:59:56,017  DEBUG     httpcore.http11  atrace:87  receive_response_headers.complete return_value=(b'HTTP/1.1', 200, b'OK', [(b'Server', b'openresty'), (b'Date', b'Tue, 07 Jul 2026 09:59:56 GMT'), (b'Content-Type', b'application/json;charset=UTF-8'), (b'Content-Length', b'341'), (b'Connection', b'keep-alive'), (b'x-request-id', b'JObjqWOgK8Ds0rukQThUJ8KuDQgFBNRH'), (b'xserver-responsetime', b'5166'), (b'xserver', b'reporting-deployment-5744f4dd5d-2bbt9'), (b'x-correlation-id', b'JObjqWOgK8Ds0rukQThUJ8KuDQgFBNRH-0'), (b'cache-control', b'no-cache, no-store, must-revalidate'), (b'pragma', b'no-cache'), (b'expires', b'0'), (b'strict-transport-security', b'max-age=31622400; includeSubDomains'), (b'Access-Control-Allow-Origin', b'*'), (b'Access-Control-Allow-Credentials', b'true'), (b'Access-Control-Max-Age', b'60'), (b'Access-Control-Allow-Methods', b'GET, POST, PATCH, PUT, DELETE, OPTIONS'), (b'Access-Control-Allow-Headers', b'Content-Type,X-Requested-With,accept,Origin,Access-Control-Request-Method,Access-Control-Request-Headers, api-key, Authorization, x-proxy-company, x-proxy-company-id,x-proxy-global-company-id, x-proxy-username, x-proxy-userid, x-request-id,x-api-key, x-gw-ims-org-id'), (b'Access-Control-Expose-Headers', b'Date'), (b'X-Debug-Region', b'eu-west-1')])
2026-07-07 10:59:56,018  INFO      httpx  _send_single_request:1740  HTTP Request: POST https://analytics.adobe.io/api/legend0/reports "HTTP/1.1 200 OK"
2026-07-07 10:59:56,019  DEBUG     httpcore.http11  atrace:87  receive_response_body.started request=<Request [b'POST']>
2026-07-07 10:59:56,019  DEBUG     httpcore.http11  atrace:87  receive_response_body.complete
2026-07-07 10:59:56,020  DEBUG     httpcore.http11  atrace:87  response_closed.started
2026-07-07 10:59:56,020  DEBUG     httpcore.http11  atrace:87  response_closed.complete
2026-07-07 10:59:56,021  DEBUG     adobe_downloader.flows.rsid_update  run_rsid_update:204  OK  OnlineGamblingca  visits=11123
2026-07-07 10:59:56,045  DEBUG     adobe_downloader.core.api_client  _post:91  POST https://analytics.adobe.io/api/legend0/reports
2026-07-07 10:59:56,045  DEBUG     adobe_downloader.core.api_client  _post:92    headers: {'Authorization': 'Bearer ***', 'x-api-key': '9585bf3b8c6f4d188ad6a1c1e8b8cd57', 'x-proxy-global-company-id': 'legend0', 'x-gw-ims-org-id': '9CE579FD5DCD8B590A495E09@AdobeOrg'}
2026-07-07 10:59:56,045  DEBUG     adobe_downloader.core.api_client  _post:94    body:
{
  "rsid": "trilingualcasinoonlinenl",
  "globalFilters": [
    {
      "type": "dateRange",
      "dateRange": "2026-04-01T00:00:00.000/2026-06-30T00:00:00.000"
    },
    {
      "type": "segment",
      "segmentId": "s3938_61bb0165a88ab931afa78e4c"
    }
  ],
  "metricContainer": {
    "metrics": [
      {
        "columnId": "0",
        "id": "metrics/visitors",
        "sort": "desc"
      },
      {
        "columnId": "1",
        "id": "metrics/visits",
        "sort": "desc"
      }
    ]
  },
  "settings": {
    "countRepeatInstances": true,
    "includeAnnotations": true,
    "page": 0,
    "nonesBehavior": "return-nones",
    "limit": 10
  }
}
2026-07-07 10:59:56,046  DEBUG     adobe_downloader.core.rate_limiter  execute:90  Rate limiter: executing request unknown
2026-07-07 10:59:56,046  DEBUG     httpcore.http11  atrace:87  send_request_headers.started request=<Request [b'POST']>
2026-07-07 10:59:56,047  DEBUG     httpcore.http11  atrace:87  send_request_headers.complete
2026-07-07 10:59:56,047  DEBUG     httpcore.http11  atrace:87  send_request_body.started request=<Request [b'POST']>
2026-07-07 10:59:56,047  DEBUG     httpcore.http11  atrace:87  send_request_body.complete
2026-07-07 10:59:56,047  DEBUG     httpcore.http11  atrace:87  receive_response_headers.started request=<Request [b'POST']>
2026-07-07 10:59:58,044  DEBUG     httpcore.http11  atrace:87  receive_response_headers.complete return_value=(b'HTTP/1.1', 200, b'OK', [(b'Server', b'openresty'), (b'Date', b'Tue, 07 Jul 2026 09:59:58 GMT'), (b'Content-Type', b'application/json;charset=UTF-8'), (b'Content-Length', b'339'), (b'Connection', b'keep-alive'), (b'x-request-id', b'HrpgeWFsxYxMV9O2tZofPZf1XcUfXuBm'), (b'xserver', b'reporting-deployment-5744f4dd5d-f5hpd'), (b'x-correlation-id', b'HrpgeWFsxYxMV9O2tZofPZf1XcUfXuBm-0'), (b'cache-control', b'no-cache, no-store, must-revalidate'), (b'pragma', b'no-cache'), (b'expires', b'0'), (b'strict-transport-security', b'max-age=31622400; includeSubDomains'), (b'xserver-responsetime', b'1919'), (b'Access-Control-Allow-Origin', b'*'), (b'Access-Control-Allow-Credentials', b'true'), (b'Access-Control-Max-Age', b'60'), (b'Access-Control-Allow-Methods', b'GET, POST, PATCH, PUT, DELETE, OPTIONS'), (b'Access-Control-Allow-Headers', b'Content-Type,X-Requested-With,accept,Origin,Access-Control-Request-Method,Access-Control-Request-Headers, api-key, Authorization, x-proxy-company, x-proxy-company-id,x-proxy-global-company-id, x-proxy-username, x-proxy-userid, x-request-id,x-api-key, x-gw-ims-org-id'), (b'Access-Control-Expose-Headers', b'Date'), (b'X-Debug-Region', b'eu-west-1')])
2026-07-07 10:59:58,045  INFO      httpx  _send_single_request:1740  HTTP Request: POST https://analytics.adobe.io/api/legend0/reports "HTTP/1.1 200 OK"
2026-07-07 10:59:58,045  DEBUG     httpcore.http11  atrace:87  receive_response_body.started request=<Request [b'POST']>
2026-07-07 10:59:58,045  DEBUG     httpcore.http11  atrace:87  receive_response_body.complete
2026-07-07 10:59:58,046  DEBUG     httpcore.http11  atrace:87  response_closed.started
2026-07-07 10:59:58,046  DEBUG     httpcore.http11  atrace:87  response_closed.complete
2026-07-07 10:59:58,047  DEBUG     adobe_downloader.flows.rsid_update  run_rsid_update:204  OK  CasinoOnlinenl  visits=3321
2026-07-07 10:59:58,070  DEBUG     adobe_downloader.core.api_client  _post:91  POST https://analytics.adobe.io/api/legend0/reports
2026-07-07 10:59:58,070  DEBUG     adobe_downloader.core.api_client  _post:92    headers: {'Authorization': 'Bearer ***', 'x-api-key': '9585bf3b8c6f4d188ad6a1c1e8b8cd57', 'x-proxy-global-company-id': 'legend0', 'x-gw-ims-org-id': '9CE579FD5DCD8B590A495E09@AdobeOrg'}
2026-07-07 10:59:58,070  DEBUG     adobe_downloader.core.api_client  _post:94    body:
{
  "rsid": "trillioncoverscom",
  "globalFilters": [
    {
      "type": "dateRange",
      "dateRange": "2026-04-01T00:00:00.000/2026-06-30T00:00:00.000"
    },
    {
      "type": "segment",
      "segmentId": "s3938_61bb0165a88ab931afa78e4c"
    }
  ],
  "metricContainer": {
    "metrics": [
      {
        "columnId": "0",
        "id": "metrics/visitors",
        "sort": "desc"
      },
      {
        "columnId": "1",
        "id": "metrics/visits",
        "sort": "desc"
      }
    ]
  },
  "settings": {
    "countRepeatInstances": true,
    "includeAnnotations": true,
    "page": 0,
    "nonesBehavior": "return-nones",
    "limit": 10
  }
}
2026-07-07 10:59:58,070  DEBUG     adobe_downloader.core.rate_limiter  execute:90  Rate limiter: executing request unknown
2026-07-07 10:59:58,071  DEBUG     httpcore.http11  atrace:87  send_request_headers.started request=<Request [b'POST']>
2026-07-07 10:59:58,072  DEBUG     httpcore.http11  atrace:87  send_request_headers.complete
2026-07-07 10:59:58,072  DEBUG     httpcore.http11  atrace:87  send_request_body.started request=<Request [b'POST']>
2026-07-07 10:59:58,072  DEBUG     httpcore.http11  atrace:87  send_request_body.complete
2026-07-07 10:59:58,073  DEBUG     httpcore.http11  atrace:87  receive_response_headers.started request=<Request [b'POST']>
2026-07-07 11:00:24,213  DEBUG     httpcore.http11  atrace:87  receive_response_headers.complete return_value=(b'HTTP/1.1', 200, b'OK', [(b'Server', b'openresty'), (b'Date', b'Tue, 07 Jul 2026 10:00:24 GMT'), (b'Content-Type', b'application/json;charset=UTF-8'), (b'Content-Length', b'355'), (b'Connection', b'keep-alive'), (b'x-request-id', b'KFIQMBLV0J2b6tkOVLTeBHaakL4Cwt8a'), (b'xserver-responsetime', b'26064'), (b'xserver', b'reporting-deployment-5744f4dd5d-cst8d'), (b'x-correlation-id', b'KFIQMBLV0J2b6tkOVLTeBHaakL4Cwt8a-0'), (b'cache-control', b'no-cache, no-store, must-revalidate'), (b'pragma', b'no-cache'), (b'expires', b'0'), (b'strict-transport-security', b'max-age=31622400; includeSubDomains'), (b'Access-Control-Allow-Origin', b'*'), (b'Access-Control-Allow-Credentials', b'true'), (b'Access-Control-Max-Age', b'60'), (b'Access-Control-Allow-Methods', b'GET, POST, PATCH, PUT, DELETE, OPTIONS'), (b'Access-Control-Allow-Headers', b'Content-Type,X-Requested-With,accept,Origin,Access-Control-Request-Method,Access-Control-Request-Headers, api-key, Authorization, x-proxy-company, x-proxy-company-id,x-proxy-global-company-id, x-proxy-username, x-proxy-userid, x-request-id,x-api-key, x-gw-ims-org-id'), (b'Access-Control-Expose-Headers', b'Date'), (b'X-Debug-Region', b'eu-west-1')])
2026-07-07 11:00:24,213  INFO      httpx  _send_single_request:1740  HTTP Request: POST https://analytics.adobe.io/api/legend0/reports "HTTP/1.1 200 OK"
2026-07-07 11:00:24,214  DEBUG     httpcore.http11  atrace:87  receive_response_body.started request=<Request [b'POST']>
2026-07-07 11:00:24,214  DEBUG     httpcore.http11  atrace:87  receive_response_body.complete
2026-07-07 11:00:24,214  DEBUG     httpcore.http11  atrace:87  response_closed.started
2026-07-07 11:00:24,215  DEBUG     httpcore.http11  atrace:87  response_closed.complete
2026-07-07 11:00:24,215  DEBUG     adobe_downloader.flows.rsid_update  run_rsid_update:204  OK  coverscom  visits=25824068
2026-07-07 11:00:24,241  DEBUG     adobe_downloader.core.api_client  _post:91  POST https://analytics.adobe.io/api/legend0/reports
2026-07-07 11:00:24,241  DEBUG     adobe_downloader.core.api_client  _post:92    headers: {'Authorization': 'Bearer ***', 'x-api-key': '9585bf3b8c6f4d188ad6a1c1e8b8cd57', 'x-proxy-global-company-id': 'legend0', 'x-gw-ims-org-id': '9CE579FD5DCD8B590A495E09@AdobeOrg'}
2026-07-07 11:00:24,241  DEBUG     adobe_downloader.core.api_client  _post:94    body:
{
  "rsid": "trillionthcasinocombr",
  "globalFilters": [
    {
      "type": "dateRange",
      "dateRange": "2026-04-01T00:00:00.000/2026-06-30T00:00:00.000"
    },
    {
      "type": "segment",
      "segmentId": "s3938_61bb0165a88ab931afa78e4c"
    }
  ],
  "metricContainer": {
    "metrics": [
      {
        "columnId": "0",
        "id": "metrics/visitors",
        "sort": "desc"
      },
      {
        "columnId": "1",
        "id": "metrics/visits",
        "sort": "desc"
      }
    ]
  },
  "settings": {
    "countRepeatInstances": true,
    "includeAnnotations": true,
    "page": 0,
    "nonesBehavior": "return-nones",
    "limit": 10
  }
}
2026-07-07 11:00:24,241  DEBUG     adobe_downloader.core.rate_limiter  execute:90  Rate limiter: executing request unknown
2026-07-07 11:00:24,242  DEBUG     httpcore.http11  atrace:87  send_request_headers.started request=<Request [b'POST']>
2026-07-07 11:00:24,243  DEBUG     httpcore.http11  atrace:87  send_request_headers.complete
2026-07-07 11:00:24,243  DEBUG     httpcore.http11  atrace:87  send_request_body.started request=<Request [b'POST']>
2026-07-07 11:00:24,243  DEBUG     httpcore.http11  atrace:87  send_request_body.complete
2026-07-07 11:00:24,243  DEBUG     httpcore.http11  atrace:87  receive_response_headers.started request=<Request [b'POST']>
2026-07-07 11:00:26,641  DEBUG     httpcore.http11  atrace:87  receive_response_headers.complete return_value=(b'HTTP/1.1', 200, b'OK', [(b'Server', b'openresty'), (b'Date', b'Tue, 07 Jul 2026 10:00:27 GMT'), (b'Content-Type', b'application/json;charset=UTF-8'), (b'Content-Length', b'339'), (b'Connection', b'keep-alive'), (b'x-request-id', b'w9QBjuJi66gpj9jvWr3U9F7abZxvZnHK'), (b'xserver-responsetime', b'2321'), (b'xserver', b'reporting-deployment-5744f4dd5d-bh2l8'), (b'x-correlation-id', b'w9QBjuJi66gpj9jvWr3U9F7abZxvZnHK-0'), (b'cache-control', b'no-cache, no-store, must-revalidate'), (b'pragma', b'no-cache'), (b'expires', b'0'), (b'strict-transport-security', b'max-age=31622400; includeSubDomains'), (b'Access-Control-Allow-Origin', b'*'), (b'Access-Control-Allow-Credentials', b'true'), (b'Access-Control-Max-Age', b'60'), (b'Access-Control-Allow-Methods', b'GET, POST, PATCH, PUT, DELETE, OPTIONS'), (b'Access-Control-Allow-Headers', b'Content-Type,X-Requested-With,accept,Origin,Access-Control-Request-Method,Access-Control-Request-Headers, api-key, Authorization, x-proxy-company, x-proxy-company-id,x-proxy-global-company-id, x-proxy-username, x-proxy-userid, x-request-id,x-api-key, x-gw-ims-org-id'), (b'Access-Control-Expose-Headers', b'Date'), (b'X-Debug-Region', b'eu-west-1')])
2026-07-07 11:00:26,641  INFO      httpx  _send_single_request:1740  HTTP Request: POST https://analytics.adobe.io/api/legend0/reports "HTTP/1.1 200 OK"
2026-07-07 11:00:26,642  DEBUG     httpcore.http11  atrace:87  receive_response_body.started request=<Request [b'POST']>
2026-07-07 11:00:26,642  DEBUG     httpcore.http11  atrace:87  receive_response_body.complete
2026-07-07 11:00:26,642  DEBUG     httpcore.http11  atrace:87  response_closed.started
2026-07-07 11:00:26,642  DEBUG     httpcore.http11  atrace:87  response_closed.complete
2026-07-07 11:00:26,644  DEBUG     adobe_downloader.flows.rsid_update  run_rsid_update:204  OK  Casinocombr  visits=1666
2026-07-07 11:00:26,669  DEBUG     adobe_downloader.core.api_client  _post:91  POST https://analytics.adobe.io/api/legend0/reports
2026-07-07 11:00:26,669  DEBUG     adobe_downloader.core.api_client  _post:92    headers: {'Authorization': 'Bearer ***', 'x-api-key': '9585bf3b8c6f4d188ad6a1c1e8b8cd57', 'x-proxy-global-company-id': 'legend0', 'x-gw-ims-org-id': '9CE579FD5DCD8B590A495E09@AdobeOrg'}
2026-07-07 11:00:26,669  DEBUG     adobe_downloader.core.api_client  _post:94    body:
{
  "rsid": "trimetersspielautomatende",
  "globalFilters": [
    {
      "type": "dateRange",
      "dateRange": "2026-04-01T00:00:00.000/2026-06-30T00:00:00.000"
    },
    {
      "type": "segment",
      "segmentId": "s3938_61bb0165a88ab931afa78e4c"
    }
  ],
  "metricContainer": {
    "metrics": [
      {
        "columnId": "0",
        "id": "metrics/visitors",
        "sort": "desc"
      },
      {
        "columnId": "1",
        "id": "metrics/visits",
        "sort": "desc"
      }
    ]
  },
  "settings": {
    "countRepeatInstances": true,
    "includeAnnotations": true,
    "page": 0,
    "nonesBehavior": "return-nones",
    "limit": 10
  }
}
2026-07-07 11:00:26,669  DEBUG     adobe_downloader.core.rate_limiter  execute:90  Rate limiter: executing request unknown
2026-07-07 11:00:26,670  DEBUG     httpcore.http11  atrace:87  send_request_headers.started request=<Request [b'POST']>
2026-07-07 11:00:26,670  DEBUG     httpcore.http11  atrace:87  send_request_headers.complete
2026-07-07 11:00:26,670  DEBUG     httpcore.http11  atrace:87  send_request_body.started request=<Request [b'POST']>
2026-07-07 11:00:26,671  DEBUG     httpcore.http11  atrace:87  send_request_body.complete
2026-07-07 11:00:26,671  DEBUG     httpcore.http11  atrace:87  receive_response_headers.started request=<Request [b'POST']>
2026-07-07 11:00:30,440  DEBUG     httpcore.http11  atrace:87  receive_response_headers.complete return_value=(b'HTTP/1.1', 200, b'OK', [(b'Server', b'openresty'), (b'Date', b'Tue, 07 Jul 2026 10:00:30 GMT'), (b'Content-Type', b'application/json;charset=UTF-8'), (b'Content-Length', b'343'), (b'Connection', b'keep-alive'), (b'x-request-id', b'Uh9saHloZZYY8rK8otNc5F1gkhuTEf6U'), (b'xserver-responsetime', b'3695'), (b'xserver', b'reporting-deployment-5744f4dd5d-ndr2f'), (b'x-correlation-id', b'Uh9saHloZZYY8rK8otNc5F1gkhuTEf6U-0'), (b'cache-control', b'no-cache, no-store, must-revalidate'), (b'pragma', b'no-cache'), (b'expires', b'0'), (b'strict-transport-security', b'max-age=31622400; includeSubDomains'), (b'Access-Control-Allow-Origin', b'*'), (b'Access-Control-Allow-Credentials', b'true'), (b'Access-Control-Max-Age', b'60'), (b'Access-Control-Allow-Methods', b'GET, POST, PATCH, PUT, DELETE, OPTIONS'), (b'Access-Control-Allow-Headers', b'Content-Type,X-Requested-With,accept,Origin,Access-Control-Request-Method,Access-Control-Request-Headers, api-key, Authorization, x-proxy-company, x-proxy-company-id,x-proxy-global-company-id, x-proxy-username, x-proxy-userid, x-request-id,x-api-key, x-gw-ims-org-id'), (b'Access-Control-Expose-Headers', b'Date'), (b'X-Debug-Region', b'eu-west-1')])
2026-07-07 11:00:30,441  INFO      httpx  _send_single_request:1740  HTTP Request: POST https://analytics.adobe.io/api/legend0/reports "HTTP/1.1 200 OK"
2026-07-07 11:00:30,442  DEBUG     httpcore.http11  atrace:87  receive_response_body.started request=<Request [b'POST']>
2026-07-07 11:00:30,442  DEBUG     httpcore.http11  atrace:87  receive_response_body.complete
2026-07-07 11:00:30,442  DEBUG     httpcore.http11  atrace:87  response_closed.started
2026-07-07 11:00:30,443  DEBUG     httpcore.http11  atrace:87  response_closed.complete
2026-07-07 11:00:30,444  DEBUG     adobe_downloader.flows.rsid_update  run_rsid_update:204  OK  Spielautomatende  visits=63390
2026-07-07 11:00:30,468  DEBUG     adobe_downloader.core.api_client  _post:91  POST https://analytics.adobe.io/api/legend0/reports
2026-07-07 11:00:30,468  DEBUG     adobe_downloader.core.api_client  _post:92    headers: {'Authorization': 'Bearer ***', 'x-api-key': '9585bf3b8c6f4d188ad6a1c1e8b8cd57', 'x-proxy-global-company-id': 'legend0', 'x-gw-ims-org-id': '9CE579FD5DCD8B590A495E09@AdobeOrg'}
2026-07-07 11:00:30,468  DEBUG     adobe_downloader.core.api_client  _post:94    body:
{
  "rsid": "trimetrogoncasinocl",
  "globalFilters": [
    {
      "type": "dateRange",
      "dateRange": "2026-04-01T00:00:00.000/2026-06-30T00:00:00.000"
    },
    {
      "type": "segment",
      "segmentId": "s3938_61bb0165a88ab931afa78e4c"
    }
  ],
  "metricContainer": {
    "metrics": [
      {
        "columnId": "0",
        "id": "metrics/visitors",
        "sort": "desc"
      },
      {
        "columnId": "1",
        "id": "metrics/visits",
        "sort": "desc"
      }
    ]
  },
  "settings": {
    "countRepeatInstances": true,
    "includeAnnotations": true,
    "page": 0,
    "nonesBehavior": "return-nones",
    "limit": 10
  }
}
2026-07-07 11:00:30,468  DEBUG     adobe_downloader.core.rate_limiter  execute:90  Rate limiter: executing request unknown
2026-07-07 11:00:30,469  DEBUG     httpcore.http11  atrace:87  send_request_headers.started request=<Request [b'POST']>
2026-07-07 11:00:30,469  DEBUG     httpcore.http11  atrace:87  send_request_headers.complete
2026-07-07 11:00:30,469  DEBUG     httpcore.http11  atrace:87  send_request_body.started request=<Request [b'POST']>
2026-07-07 11:00:30,469  DEBUG     httpcore.http11  atrace:87  send_request_body.complete
2026-07-07 11:00:30,470  DEBUG     httpcore.http11  atrace:87  receive_response_headers.started request=<Request [b'POST']>
2026-07-07 11:00:32,607  DEBUG     httpcore.http11  atrace:87  receive_response_headers.complete return_value=(b'HTTP/1.1', 200, b'OK', [(b'Server', b'openresty'), (b'Date', b'Tue, 07 Jul 2026 10:00:33 GMT'), (b'Content-Type', b'application/json;charset=UTF-8'), (b'Content-Length', b'339'), (b'Connection', b'keep-alive'), (b'x-request-id', b'YQVXE1q1CbVzLwfbPtbxnaaKPiTGDYRW'), (b'xserver-responsetime', b'2060'), (b'xserver', b'reporting-deployment-5744f4dd5d-ndr2f'), (b'x-correlation-id', b'YQVXE1q1CbVzLwfbPtbxnaaKPiTGDYRW-0'), (b'cache-control', b'no-cache, no-store, must-revalidate'), (b'pragma', b'no-cache'), (b'expires', b'0'), (b'strict-transport-security', b'max-age=31622400; includeSubDomains'), (b'Access-Control-Allow-Origin', b'*'), (b'Access-Control-Allow-Credentials', b'true'), (b'Access-Control-Max-Age', b'60'), (b'Access-Control-Allow-Methods', b'GET, POST, PATCH, PUT, DELETE, OPTIONS'), (b'Access-Control-Allow-Headers', b'Content-Type,X-Requested-With,accept,Origin,Access-Control-Request-Method,Access-Control-Request-Headers, api-key, Authorization, x-proxy-company, x-proxy-company-id,x-proxy-global-company-id, x-proxy-username, x-proxy-userid, x-request-id,x-api-key, x-gw-ims-org-id'), (b'Access-Control-Expose-Headers', b'Date'), (b'X-Debug-Region', b'eu-west-1')])
2026-07-07 11:00:32,608  INFO      httpx  _send_single_request:1740  HTTP Request: POST https://analytics.adobe.io/api/legend0/reports "HTTP/1.1 200 OK"
2026-07-07 11:00:32,608  DEBUG     httpcore.http11  atrace:87  receive_response_body.started request=<Request [b'POST']>
2026-07-07 11:00:32,608  DEBUG     httpcore.http11  atrace:87  receive_response_body.complete
2026-07-07 11:00:32,609  DEBUG     httpcore.http11  atrace:87  response_closed.started
2026-07-07 11:00:32,609  DEBUG     httpcore.http11  atrace:87  response_closed.complete
2026-07-07 11:00:32,610  DEBUG     adobe_downloader.flows.rsid_update  run_rsid_update:204  OK  Casinocl  visits=7863
2026-07-07 11:00:32,633  DEBUG     adobe_downloader.core.api_client  _post:91  POST https://analytics.adobe.io/api/legend0/reports
2026-07-07 11:00:32,633  DEBUG     adobe_downloader.core.api_client  _post:92    headers: {'Authorization': 'Bearer ***', 'x-api-key': '9585bf3b8c6f4d188ad6a1c1e8b8cd57', 'x-proxy-global-company-id': 'legend0', 'x-gw-ims-org-id': '9CE579FD5DCD8B590A495E09@AdobeOrg'}
2026-07-07 11:00:32,633  DEBUG     adobe_downloader.core.api_client  _post:94    body:
{
  "rsid": "trimetrogoncasinomx",
  "globalFilters": [
    {
      "type": "dateRange",
      "dateRange": "2026-04-01T00:00:00.000/2026-06-30T00:00:00.000"
    },
    {
      "type": "segment",
      "segmentId": "s3938_61bb0165a88ab931afa78e4c"
    }
  ],
  "metricContainer": {
    "metrics": [
      {
        "columnId": "0",
        "id": "metrics/visitors",
        "sort": "desc"
      },
      {
        "columnId": "1",
        "id": "metrics/visits",
        "sort": "desc"
      }
    ]
  },
  "settings": {
    "countRepeatInstances": true,
    "includeAnnotations": true,
    "page": 0,
    "nonesBehavior": "return-nones",
    "limit": 10
  }
}
2026-07-07 11:00:32,633  DEBUG     adobe_downloader.core.rate_limiter  execute:90  Rate limiter: executing request unknown
2026-07-07 11:00:32,634  DEBUG     httpcore.http11  atrace:87  send_request_headers.started request=<Request [b'POST']>
2026-07-07 11:00:32,635  DEBUG     httpcore.http11  atrace:87  send_request_headers.complete
2026-07-07 11:00:32,635  DEBUG     httpcore.http11  atrace:87  send_request_body.started request=<Request [b'POST']>
2026-07-07 11:00:32,635  DEBUG     httpcore.http11  atrace:87  send_request_body.complete
2026-07-07 11:00:32,635  DEBUG     httpcore.http11  atrace:87  receive_response_headers.started request=<Request [b'POST']>
2026-07-07 11:00:34,825  DEBUG     httpcore.http11  atrace:87  receive_response_headers.complete return_value=(b'HTTP/1.1', 200, b'OK', [(b'Server', b'openresty'), (b'Date', b'Tue, 07 Jul 2026 10:00:35 GMT'), (b'Content-Type', b'application/json;charset=UTF-8'), (b'Content-Length', b'343'), (b'Connection', b'keep-alive'), (b'x-request-id', b'2Cg5swXJwf4mVbYxO0utvFdT06besxLj'), (b'xserver', b'reporting-deployment-5744f4dd5d-f5hpd'), (b'x-correlation-id', b'2Cg5swXJwf4mVbYxO0utvFdT06besxLj-0'), (b'cache-control', b'no-cache, no-store, must-revalidate'), (b'pragma', b'no-cache'), (b'expires', b'0'), (b'strict-transport-security', b'max-age=31622400; includeSubDomains'), (b'xserver-responsetime', b'2112'), (b'Access-Control-Allow-Origin', b'*'), (b'Access-Control-Allow-Credentials', b'true'), (b'Access-Control-Max-Age', b'60'), (b'Access-Control-Allow-Methods', b'GET, POST, PATCH, PUT, DELETE, OPTIONS'), (b'Access-Control-Allow-Headers', b'Content-Type,X-Requested-With,accept,Origin,Access-Control-Request-Method,Access-Control-Request-Headers, api-key, Authorization, x-proxy-company, x-proxy-company-id,x-proxy-global-company-id, x-proxy-username, x-proxy-userid, x-request-id,x-api-key, x-gw-ims-org-id'), (b'Access-Control-Expose-Headers', b'Date'), (b'X-Debug-Region', b'eu-west-1')])
2026-07-07 11:00:34,825  INFO      httpx  _send_single_request:1740  HTTP Request: POST https://analytics.adobe.io/api/legend0/reports "HTTP/1.1 200 OK"
2026-07-07 11:00:34,825  DEBUG     httpcore.http11  atrace:87  receive_response_body.started request=<Request [b'POST']>
2026-07-07 11:00:34,825  DEBUG     httpcore.http11  atrace:87  receive_response_body.complete
2026-07-07 11:00:34,826  DEBUG     httpcore.http11  atrace:87  response_closed.started
2026-07-07 11:00:34,826  DEBUG     httpcore.http11  atrace:87  response_closed.complete
2026-07-07 11:00:34,827  DEBUG     adobe_downloader.flows.rsid_update  run_rsid_update:204  OK  Casinomx  visits=39938
2026-07-07 11:00:34,852  DEBUG     adobe_downloader.core.api_client  _post:91  POST https://analytics.adobe.io/api/legend0/reports
2026-07-07 11:00:34,852  DEBUG     adobe_downloader.core.api_client  _post:92    headers: {'Authorization': 'Bearer ***', 'x-api-key': '9585bf3b8c6f4d188ad6a1c1e8b8cd57', 'x-proxy-global-company-id': 'legend0', 'x-gw-ims-org-id': '9CE579FD5DCD8B590A495E09@AdobeOrg'}
2026-07-07 11:00:34,852  DEBUG     adobe_downloader.core.api_client  _post:94    body:
{
  "rsid": "trimoneyprod",
  "globalFilters": [
    {
      "type": "dateRange",
      "dateRange": "2026-04-01T00:00:00.000/2026-06-30T00:00:00.000"
    },
    {
      "type": "segment",
      "segmentId": "s3938_61bb0165a88ab931afa78e4c"
    }
  ],
  "metricContainer": {
    "metrics": [
      {
        "columnId": "0",
        "id": "metrics/visitors",
        "sort": "desc"
      },
      {
        "columnId": "1",
        "id": "metrics/visits",
        "sort": "desc"
      }
    ]
  },
  "settings": {
    "countRepeatInstances": true,
    "includeAnnotations": true,
    "page": 0,
    "nonesBehavior": "return-nones",
    "limit": 10
  }
}
2026-07-07 11:00:34,852  DEBUG     adobe_downloader.core.rate_limiter  execute:90  Rate limiter: executing request unknown
2026-07-07 11:00:34,853  DEBUG     httpcore.http11  atrace:87  send_request_headers.started request=<Request [b'POST']>
2026-07-07 11:00:34,854  DEBUG     httpcore.http11  atrace:87  send_request_headers.complete
2026-07-07 11:00:34,854  DEBUG     httpcore.http11  atrace:87  send_request_body.started request=<Request [b'POST']>
2026-07-07 11:00:34,855  DEBUG     httpcore.http11  atrace:87  send_request_body.complete
2026-07-07 11:00:34,855  DEBUG     httpcore.http11  atrace:87  receive_response_headers.started request=<Request [b'POST']>
2026-07-07 11:00:50,815  DEBUG     httpcore.http11  atrace:87  receive_response_headers.complete return_value=(b'HTTP/1.1', 200, b'OK', [(b'Server', b'openresty'), (b'Date', b'Tue, 07 Jul 2026 10:00:51 GMT'), (b'Content-Type', b'application/json;charset=UTF-8'), (b'Content-Length', b'351'), (b'Connection', b'keep-alive'), (b'x-request-id', b'vAdwiGooMWP14zrVz2e4fLQw8zJGz0s8'), (b'xserver-responsetime', b'15882'), (b'xserver', b'reporting-deployment-5744f4dd5d-czhwr'), (b'x-correlation-id', b'vAdwiGooMWP14zrVz2e4fLQw8zJGz0s8-0'), (b'cache-control', b'no-cache, no-store, must-revalidate'), (b'pragma', b'no-cache'), (b'expires', b'0'), (b'strict-transport-security', b'max-age=31622400; includeSubDomains'), (b'Access-Control-Allow-Origin', b'*'), (b'Access-Control-Allow-Credentials', b'true'), (b'Access-Control-Max-Age', b'60'), (b'Access-Control-Allow-Methods', b'GET, POST, PATCH, PUT, DELETE, OPTIONS'), (b'Access-Control-Allow-Headers', b'Content-Type,X-Requested-With,accept,Origin,Access-Control-Request-Method,Access-Control-Request-Headers, api-key, Authorization, x-proxy-company, x-proxy-company-id,x-proxy-global-company-id, x-proxy-username, x-proxy-userid, x-request-id,x-api-key, x-gw-ims-org-id'), (b'Access-Control-Expose-Headers', b'Date'), (b'X-Debug-Region', b'eu-west-1')])
2026-07-07 11:00:50,816  INFO      httpx  _send_single_request:1740  HTTP Request: POST https://analytics.adobe.io/api/legend0/reports "HTTP/1.1 200 OK"
2026-07-07 11:00:50,816  DEBUG     httpcore.http11  atrace:87  receive_response_body.started request=<Request [b'POST']>
2026-07-07 11:00:50,816  DEBUG     httpcore.http11  atrace:87  receive_response_body.complete
2026-07-07 11:00:50,817  DEBUG     httpcore.http11  atrace:87  response_closed.started
2026-07-07 11:00:50,817  DEBUG     httpcore.http11  atrace:87  response_closed.complete
2026-07-07 11:00:50,818  DEBUG     adobe_downloader.flows.rsid_update  run_rsid_update:204  OK  MoneyPillar  visits=6344815
2026-07-07 11:00:50,843  DEBUG     adobe_downloader.core.api_client  _post:91  POST https://analytics.adobe.io/api/legend0/reports
2026-07-07 11:00:50,843  DEBUG     adobe_downloader.core.api_client  _post:92    headers: {'Authorization': 'Bearer ***', 'x-api-key': '9585bf3b8c6f4d188ad6a1c1e8b8cd57', 'x-proxy-global-company-id': 'legend0', 'x-gw-ims-org-id': '9CE579FD5DCD8B590A495E09@AdobeOrg'}
2026-07-07 11:00:50,843  DEBUG     adobe_downloader.core.api_client  _post:94    body:
{
  "rsid": "trimonthlyonlineroulettecom",
  "globalFilters": [
    {
      "type": "dateRange",
      "dateRange": "2026-04-01T00:00:00.000/2026-06-30T00:00:00.000"
    },
    {
      "type": "segment",
      "segmentId": "s3938_61bb0165a88ab931afa78e4c"
    }
  ],
  "metricContainer": {
    "metrics": [
      {
        "columnId": "0",
        "id": "metrics/visitors",
        "sort": "desc"
      },
      {
        "columnId": "1",
        "id": "metrics/visits",
        "sort": "desc"
      }
    ]
  },
  "settings": {
    "countRepeatInstances": true,
    "includeAnnotations": true,
    "page": 0,
    "nonesBehavior": "return-nones",
    "limit": 10
  }
}
2026-07-07 11:00:50,843  DEBUG     adobe_downloader.core.rate_limiter  execute:90  Rate limiter: executing request unknown
2026-07-07 11:00:50,844  DEBUG     httpcore.http11  atrace:87  send_request_headers.started request=<Request [b'POST']>
2026-07-07 11:00:50,845  DEBUG     httpcore.http11  atrace:87  send_request_headers.complete
2026-07-07 11:00:50,845  DEBUG     httpcore.http11  atrace:87  send_request_body.started request=<Request [b'POST']>
2026-07-07 11:00:50,845  DEBUG     httpcore.http11  atrace:87  send_request_body.complete
2026-07-07 11:00:50,845  DEBUG     httpcore.http11  atrace:87  receive_response_headers.started request=<Request [b'POST']>
2026-07-07 11:00:52,655  DEBUG     httpcore.http11  atrace:87  receive_response_headers.complete return_value=(b'HTTP/1.1', 200, b'OK', [(b'Server', b'openresty'), (b'Date', b'Tue, 07 Jul 2026 10:00:53 GMT'), (b'Content-Type', b'application/json;charset=UTF-8'), (b'Content-Length', b'339'), (b'Connection', b'keep-alive'), (b'x-request-id', b'RNV3TZabTQp6w5AsZWfpWm6j10BOi404'), (b'xserver-responsetime', b'1730'), (b'xserver', b'reporting-deployment-5744f4dd5d-cst8d'), (b'x-correlation-id', b'RNV3TZabTQp6w5AsZWfpWm6j10BOi404-0'), (b'cache-control', b'no-cache, no-store, must-revalidate'), (b'pragma', b'no-cache'), (b'expires', b'0'), (b'strict-transport-security', b'max-age=31622400; includeSubDomains'), (b'Access-Control-Allow-Origin', b'*'), (b'Access-Control-Allow-Credentials', b'true'), (b'Access-Control-Max-Age', b'60'), (b'Access-Control-Allow-Methods', b'GET, POST, PATCH, PUT, DELETE, OPTIONS'), (b'Access-Control-Allow-Headers', b'Content-Type,X-Requested-With,accept,Origin,Access-Control-Request-Method,Access-Control-Request-Headers, api-key, Authorization, x-proxy-company, x-proxy-company-id,x-proxy-global-company-id, x-proxy-username, x-proxy-userid, x-request-id,x-api-key, x-gw-ims-org-id'), (b'Access-Control-Expose-Headers', b'Date'), (b'X-Debug-Region', b'eu-west-1')])
2026-07-07 11:00:52,656  INFO      httpx  _send_single_request:1740  HTTP Request: POST https://analytics.adobe.io/api/legend0/reports "HTTP/1.1 200 OK"
2026-07-07 11:00:52,656  DEBUG     httpcore.http11  atrace:87  receive_response_body.started request=<Request [b'POST']>
2026-07-07 11:00:52,657  DEBUG     httpcore.http11  atrace:87  receive_response_body.complete
2026-07-07 11:00:52,657  DEBUG     httpcore.http11  atrace:87  response_closed.started
2026-07-07 11:00:52,657  DEBUG     httpcore.http11  atrace:87  response_closed.complete
2026-07-07 11:00:52,658  DEBUG     adobe_downloader.flows.rsid_update  run_rsid_update:204  OK  OnlineRoulettecom  visits=1167
2026-07-07 11:00:52,683  DEBUG     adobe_downloader.core.api_client  _post:91  POST https://analytics.adobe.io/api/legend0/reports
2026-07-07 11:00:52,683  DEBUG     adobe_downloader.core.api_client  _post:92    headers: {'Authorization': 'Bearer ***', 'x-api-key': '9585bf3b8c6f4d188ad6a1c1e8b8cd57', 'x-proxy-global-company-id': 'legend0', 'x-gw-ims-org-id': '9CE579FD5DCD8B590A495E09@AdobeOrg'}
2026-07-07 11:00:52,683  DEBUG     adobe_downloader.core.api_client  _post:94    body:
{
  "rsid": "trimotoroddspediacom",
  "globalFilters": [
    {
      "type": "dateRange",
      "dateRange": "2026-04-01T00:00:00.000/2026-06-30T00:00:00.000"
    },
    {
      "type": "segment",
      "segmentId": "s3938_61bb0165a88ab931afa78e4c"
    }
  ],
  "metricContainer": {
    "metrics": [
      {
        "columnId": "0",
        "id": "metrics/visitors",
        "sort": "desc"
      },
      {
        "columnId": "1",
        "id": "metrics/visits",
        "sort": "desc"
      }
    ]
  },
  "settings": {
    "countRepeatInstances": true,
    "includeAnnotations": true,
    "page": 0,
    "nonesBehavior": "return-nones",
    "limit": 10
  }
}
2026-07-07 11:00:52,683  DEBUG     adobe_downloader.core.rate_limiter  execute:90  Rate limiter: executing request unknown
2026-07-07 11:00:52,684  DEBUG     httpcore.http11  atrace:87  send_request_headers.started request=<Request [b'POST']>
2026-07-07 11:00:52,684  DEBUG     httpcore.http11  atrace:87  send_request_headers.complete
2026-07-07 11:00:52,684  DEBUG     httpcore.http11  atrace:87  send_request_body.started request=<Request [b'POST']>
2026-07-07 11:00:52,684  DEBUG     httpcore.http11  atrace:87  send_request_body.complete
2026-07-07 11:00:52,684  DEBUG     httpcore.http11  atrace:87  receive_response_headers.started request=<Request [b'POST']>
2026-07-07 11:01:30,506  DEBUG     httpcore.http11  atrace:87  receive_response_headers.complete return_value=(b'HTTP/1.1', 200, b'OK', [(b'Server', b'openresty'), (b'Date', b'Tue, 07 Jul 2026 10:01:30 GMT'), (b'Content-Type', b'application/json;charset=UTF-8'), (b'Content-Length', b'351'), (b'Connection', b'keep-alive'), (b'x-request-id', b'vpeWOPDZUvsSCtgutIK6J31cBZOnlJLU'), (b'xserver-responsetime', b'37748'), (b'xserver', b'reporting-deployment-5744f4dd5d-ndr2f'), (b'x-correlation-id', b'vpeWOPDZUvsSCtgutIK6J31cBZOnlJLU-0'), (b'cache-control', b'no-cache, no-store, must-revalidate'), (b'pragma', b'no-cache'), (b'expires', b'0'), (b'strict-transport-security', b'max-age=31622400; includeSubDomains'), (b'Access-Control-Allow-Origin', b'*'), (b'Access-Control-Allow-Credentials', b'true'), (b'Access-Control-Max-Age', b'60'), (b'Access-Control-Allow-Methods', b'GET, POST, PATCH, PUT, DELETE, OPTIONS'), (b'Access-Control-Allow-Headers', b'Content-Type,X-Requested-With,accept,Origin,Access-Control-Request-Method,Access-Control-Request-Headers, api-key, Authorization, x-proxy-company, x-proxy-company-id,x-proxy-global-company-id, x-proxy-username, x-proxy-userid, x-request-id,x-api-key, x-gw-ims-org-id'), (b'Access-Control-Expose-Headers', b'Date'), (b'X-Debug-Region', b'eu-west-1')])
2026-07-07 11:01:30,506  INFO      httpx  _send_single_request:1740  HTTP Request: POST https://analytics.adobe.io/api/legend0/reports "HTTP/1.1 200 OK"
2026-07-07 11:01:30,506  DEBUG     httpcore.http11  atrace:87  receive_response_body.started request=<Request [b'POST']>
2026-07-07 11:01:30,507  DEBUG     httpcore.http11  atrace:87  receive_response_body.complete
2026-07-07 11:01:30,507  DEBUG     httpcore.http11  atrace:87  response_closed.started
2026-07-07 11:01:30,507  DEBUG     httpcore.http11  atrace:87  response_closed.complete
2026-07-07 11:01:30,508  DEBUG     adobe_downloader.flows.rsid_update  run_rsid_update:204  OK  Oddspediacom  visits=4732257
2026-07-07 11:01:30,530  DEBUG     adobe_downloader.core.api_client  _post:91  POST https://analytics.adobe.io/api/legend0/reports
2026-07-07 11:01:30,530  DEBUG     adobe_downloader.core.api_client  _post:92    headers: {'Authorization': 'Bearer ***', 'x-api-key': '9585bf3b8c6f4d188ad6a1c1e8b8cd57', 'x-proxy-global-company-id': 'legend0', 'x-gw-ims-org-id': '9CE579FD5DCD8B590A495E09@AdobeOrg'}
2026-07-07 11:01:30,530  DEBUG     adobe_downloader.core.api_client  _post:94    body:
{
  "rsid": "trinketcasinoat.test",
  "globalFilters": [
    {
      "type": "dateRange",
      "dateRange": "2026-04-01T00:00:00.000/2026-06-30T00:00:00.000"
    },
    {
      "type": "segment",
      "segmentId": "s3938_61bb0165a88ab931afa78e4c"
    }
  ],
  "metricContainer": {
    "metrics": [
      {
        "columnId": "0",
        "id": "metrics/visitors",
        "sort": "desc"
      },
      {
        "columnId": "1",
        "id": "metrics/visits",
        "sort": "desc"
      }
    ]
  },
  "settings": {
    "countRepeatInstances": true,
    "includeAnnotations": true,
    "page": 0,
    "nonesBehavior": "return-nones",
    "limit": 10
  }
}
2026-07-07 11:01:30,530  DEBUG     adobe_downloader.core.rate_limiter  execute:90  Rate limiter: executing request unknown
2026-07-07 11:01:30,531  DEBUG     httpcore.http11  atrace:87  send_request_headers.started request=<Request [b'POST']>
2026-07-07 11:01:30,531  DEBUG     httpcore.http11  atrace:87  send_request_headers.complete
2026-07-07 11:01:30,531  DEBUG     httpcore.http11  atrace:87  send_request_body.started request=<Request [b'POST']>
2026-07-07 11:01:30,532  DEBUG     httpcore.http11  atrace:87  send_request_body.complete
2026-07-07 11:01:30,532  DEBUG     httpcore.http11  atrace:87  receive_response_headers.started request=<Request [b'POST']>
2026-07-07 11:01:36,525  DEBUG     httpcore.http11  atrace:87  receive_response_headers.complete return_value=(b'HTTP/1.1', 200, b'OK', [(b'Server', b'openresty'), (b'Date', b'Tue, 07 Jul 2026 10:01:37 GMT'), (b'Content-Type', b'application/json;charset=UTF-8'), (b'Content-Length', b'343'), (b'Connection', b'keep-alive'), (b'x-request-id', b'WjRxyKi9VtpODzsm7A786iPhNy88xC2m'), (b'xserver-responsetime', b'5917'), (b'xserver', b'reporting-deployment-5744f4dd5d-q7tjl'), (b'x-correlation-id', b'WjRxyKi9VtpODzsm7A786iPhNy88xC2m-0'), (b'cache-control', b'no-cache, no-store, must-revalidate'), (b'pragma', b'no-cache'), (b'expires', b'0'), (b'strict-transport-security', b'max-age=31622400; includeSubDomains'), (b'Access-Control-Allow-Origin', b'*'), (b'Access-Control-Allow-Credentials', b'true'), (b'Access-Control-Max-Age', b'60'), (b'Access-Control-Allow-Methods', b'GET, POST, PATCH, PUT, DELETE, OPTIONS'), (b'Access-Control-Allow-Headers', b'Content-Type,X-Requested-With,accept,Origin,Access-Control-Request-Method,Access-Control-Request-Headers, api-key, Authorization, x-proxy-company, x-proxy-company-id,x-proxy-global-company-id, x-proxy-username, x-proxy-userid, x-request-id,x-api-key, x-gw-ims-org-id'), (b'Access-Control-Expose-Headers', b'Date'), (b'X-Debug-Region', b'eu-west-1')])
2026-07-07 11:01:36,525  INFO      httpx  _send_single_request:1740  HTTP Request: POST https://analytics.adobe.io/api/legend0/reports "HTTP/1.1 200 OK"
2026-07-07 11:01:36,525  DEBUG     httpcore.http11  atrace:87  receive_response_body.started request=<Request [b'POST']>
2026-07-07 11:01:36,526  DEBUG     httpcore.http11  atrace:87  receive_response_body.complete
2026-07-07 11:01:36,526  DEBUG     httpcore.http11  atrace:87  response_closed.started
2026-07-07 11:01:36,526  DEBUG     httpcore.http11  atrace:87  response_closed.complete
2026-07-07 11:01:36,527  DEBUG     adobe_downloader.flows.rsid_update  run_rsid_update:204  OK  Casinoat  visits=87624
2026-07-07 11:01:36,552  DEBUG     adobe_downloader.core.api_client  _post:91  POST https://analytics.adobe.io/api/legend0/reports
2026-07-07 11:01:36,552  DEBUG     adobe_downloader.core.api_client  _post:92    headers: {'Authorization': 'Bearer ***', 'x-api-key': '9585bf3b8c6f4d188ad6a1c1e8b8cd57', 'x-proxy-global-company-id': 'legend0', 'x-gw-ims-org-id': '9CE579FD5DCD8B590A495E09@AdobeOrg'}
2026-07-07 11:01:36,552  DEBUG     adobe_downloader.core.api_client  _post:94    body:
{
  "rsid": "trinucleotidecasinoenligneca.test",
  "globalFilters": [
    {
      "type": "dateRange",
      "dateRange": "2026-04-01T00:00:00.000/2026-06-30T00:00:00.000"
    },
    {
      "type": "segment",
      "segmentId": "s3938_61bb0165a88ab931afa78e4c"
    }
  ],
  "metricContainer": {
    "metrics": [
      {
        "columnId": "0",
        "id": "metrics/visitors",
        "sort": "desc"
      },
      {
        "columnId": "1",
        "id": "metrics/visits",
        "sort": "desc"
      }
    ]
  },
  "settings": {
    "countRepeatInstances": true,
    "includeAnnotations": true,
    "page": 0,
    "nonesBehavior": "return-nones",
    "limit": 10
  }
}
2026-07-07 11:01:36,552  DEBUG     adobe_downloader.core.rate_limiter  execute:90  Rate limiter: executing request unknown
2026-07-07 11:01:36,554  DEBUG     httpcore.http11  atrace:87  send_request_headers.started request=<Request [b'POST']>
2026-07-07 11:01:36,554  DEBUG     httpcore.http11  atrace:87  send_request_headers.complete
2026-07-07 11:01:36,554  DEBUG     httpcore.http11  atrace:87  send_request_body.started request=<Request [b'POST']>
2026-07-07 11:01:36,554  DEBUG     httpcore.http11  atrace:87  send_request_body.complete
2026-07-07 11:01:36,555  DEBUG     httpcore.http11  atrace:87  receive_response_headers.started request=<Request [b'POST']>
2026-07-07 11:01:39,544  DEBUG     httpcore.http11  atrace:87  receive_response_headers.complete return_value=(b'HTTP/1.1', 200, b'OK', [(b'Server', b'openresty'), (b'Date', b'Tue, 07 Jul 2026 10:01:40 GMT'), (b'Content-Type', b'application/json;charset=UTF-8'), (b'Content-Length', b'339'), (b'Connection', b'keep-alive'), (b'x-request-id', b'x02mXF0KGCrr2oZaAFuiChsj0BuXvGWe'), (b'xserver-responsetime', b'2914'), (b'xserver', b'reporting-deployment-5744f4dd5d-bh2l8'), (b'x-correlation-id', b'x02mXF0KGCrr2oZaAFuiChsj0BuXvGWe-0'), (b'cache-control', b'no-cache, no-store, must-revalidate'), (b'pragma', b'no-cache'), (b'expires', b'0'), (b'strict-transport-security', b'max-age=31622400; includeSubDomains'), (b'Access-Control-Allow-Origin', b'*'), (b'Access-Control-Allow-Credentials', b'true'), (b'Access-Control-Max-Age', b'60'), (b'Access-Control-Allow-Methods', b'GET, POST, PATCH, PUT, DELETE, OPTIONS'), (b'Access-Control-Allow-Headers', b'Content-Type,X-Requested-With,accept,Origin,Access-Control-Request-Method,Access-Control-Request-Headers, api-key, Authorization, x-proxy-company, x-proxy-company-id,x-proxy-global-company-id, x-proxy-username, x-proxy-userid, x-request-id,x-api-key, x-gw-ims-org-id'), (b'Access-Control-Expose-Headers', b'Date'), (b'X-Debug-Region', b'eu-west-1')])
2026-07-07 11:01:39,544  INFO      httpx  _send_single_request:1740  HTTP Request: POST https://analytics.adobe.io/api/legend0/reports "HTTP/1.1 200 OK"
2026-07-07 11:01:39,545  DEBUG     httpcore.http11  atrace:87  receive_response_body.started request=<Request [b'POST']>
2026-07-07 11:01:39,545  DEBUG     httpcore.http11  atrace:87  receive_response_body.complete
2026-07-07 11:01:39,545  DEBUG     httpcore.http11  atrace:87  response_closed.started
2026-07-07 11:01:39,545  DEBUG     httpcore.http11  atrace:87  response_closed.complete
2026-07-07 11:01:39,546  DEBUG     adobe_downloader.flows.rsid_update  run_rsid_update:204  OK  CasinoEnligneca  visits=8449
2026-07-07 11:01:39,570  DEBUG     adobe_downloader.core.api_client  _post:91  POST https://analytics.adobe.io/api/legend0/reports
2026-07-07 11:01:39,570  DEBUG     adobe_downloader.core.api_client  _post:92    headers: {'Authorization': 'Bearer ***', 'x-api-key': '9585bf3b8c6f4d188ad6a1c1e8b8cd57', 'x-proxy-global-company-id': 'legend0', 'x-gw-ims-org-id': '9CE579FD5DCD8B590A495E09@AdobeOrg'}
2026-07-07 11:01:39,570  DEBUG     adobe_downloader.core.api_client  _post:94    body:
{
  "rsid": "triodescasinope",
  "globalFilters": [
    {
      "type": "dateRange",
      "dateRange": "2026-04-01T00:00:00.000/2026-06-30T00:00:00.000"
    },
    {
      "type": "segment",
      "segmentId": "s3938_61bb0165a88ab931afa78e4c"
    }
  ],
  "metricContainer": {
    "metrics": [
      {
        "columnId": "0",
        "id": "metrics/visitors",
        "sort": "desc"
      },
      {
        "columnId": "1",
        "id": "metrics/visits",
        "sort": "desc"
      }
    ]
  },
  "settings": {
    "countRepeatInstances": true,
    "includeAnnotations": true,
    "page": 0,
    "nonesBehavior": "return-nones",
    "limit": 10
  }
}
2026-07-07 11:01:39,570  DEBUG     adobe_downloader.core.rate_limiter  execute:90  Rate limiter: executing request unknown
2026-07-07 11:01:39,571  DEBUG     httpcore.http11  atrace:87  send_request_headers.started request=<Request [b'POST']>
2026-07-07 11:01:39,572  DEBUG     httpcore.http11  atrace:87  send_request_headers.complete
2026-07-07 11:01:39,572  DEBUG     httpcore.http11  atrace:87  send_request_body.started request=<Request [b'POST']>
2026-07-07 11:01:39,572  DEBUG     httpcore.http11  atrace:87  send_request_body.complete
2026-07-07 11:01:39,572  DEBUG     httpcore.http11  atrace:87  receive_response_headers.started request=<Request [b'POST']>
2026-07-07 11:01:41,560  DEBUG     httpcore.http11  atrace:87  receive_response_headers.complete return_value=(b'HTTP/1.1', 200, b'OK', [(b'Server', b'openresty'), (b'Date', b'Tue, 07 Jul 2026 10:01:42 GMT'), (b'Content-Type', b'application/json;charset=UTF-8'), (b'Content-Length', b'335'), (b'Connection', b'keep-alive'), (b'x-request-id', b'kntyUkxl6JH5Ly7ztcJBlTmsbLh2ilMT'), (b'xserver-responsetime', b'1912'), (b'xserver', b'reporting-deployment-5744f4dd5d-8l2mc'), (b'x-correlation-id', b'kntyUkxl6JH5Ly7ztcJBlTmsbLh2ilMT-0'), (b'cache-control', b'no-cache, no-store, must-revalidate'), (b'pragma', b'no-cache'), (b'expires', b'0'), (b'strict-transport-security', b'max-age=31622400; includeSubDomains'), (b'Access-Control-Allow-Origin', b'*'), (b'Access-Control-Allow-Credentials', b'true'), (b'Access-Control-Max-Age', b'60'), (b'Access-Control-Allow-Methods', b'GET, POST, PATCH, PUT, DELETE, OPTIONS'), (b'Access-Control-Allow-Headers', b'Content-Type,X-Requested-With,accept,Origin,Access-Control-Request-Method,Access-Control-Request-Headers, api-key, Authorization, x-proxy-company, x-proxy-company-id,x-proxy-global-company-id, x-proxy-username, x-proxy-userid, x-request-id,x-api-key, x-gw-ims-org-id'), (b'Access-Control-Expose-Headers', b'Date'), (b'X-Debug-Region', b'eu-west-1')])
2026-07-07 11:01:41,560  INFO      httpx  _send_single_request:1740  HTTP Request: POST https://analytics.adobe.io/api/legend0/reports "HTTP/1.1 200 OK"
2026-07-07 11:01:41,560  DEBUG     httpcore.http11  atrace:87  receive_response_body.started request=<Request [b'POST']>
2026-07-07 11:01:41,560  DEBUG     httpcore.http11  atrace:87  receive_response_body.complete
2026-07-07 11:01:41,561  DEBUG     httpcore.http11  atrace:87  response_closed.started
2026-07-07 11:01:41,561  DEBUG     httpcore.http11  atrace:87  response_closed.complete
2026-07-07 11:01:41,564  DEBUG     adobe_downloader.flows.rsid_update  run_rsid_update:204  OK  Casinope  visits=974
2026-07-07 11:01:41,589  DEBUG     adobe_downloader.core.api_client  _post:91  POST https://analytics.adobe.io/api/legend0/reports
2026-07-07 11:01:41,589  DEBUG     adobe_downloader.core.api_client  _post:92    headers: {'Authorization': 'Bearer ***', 'x-api-key': '9585bf3b8c6f4d188ad6a1c1e8b8cd57', 'x-proxy-global-company-id': 'legend0', 'x-gw-ims-org-id': '9CE579FD5DCD8B590A495E09@AdobeOrg'}
2026-07-07 11:01:41,589  DEBUG     adobe_downloader.core.api_client  _post:94    body:
{
  "rsid": "trioletcardschatcom.test",
  "globalFilters": [
    {
      "type": "dateRange",
      "dateRange": "2026-04-01T00:00:00.000/2026-06-30T00:00:00.000"
    },
    {
      "type": "segment",
      "segmentId": "s3938_61bb0165a88ab931afa78e4c"
    }
  ],
  "metricContainer": {
    "metrics": [
      {
        "columnId": "0",
        "id": "metrics/visitors",
        "sort": "desc"
      },
      {
        "columnId": "1",
        "id": "metrics/visits",
        "sort": "desc"
      }
    ]
  },
  "settings": {
    "countRepeatInstances": true,
    "includeAnnotations": true,
    "page": 0,
    "nonesBehavior": "return-nones",
    "limit": 10
  }
}
2026-07-07 11:01:41,590  DEBUG     adobe_downloader.core.rate_limiter  execute:90  Rate limiter: executing request unknown
2026-07-07 11:01:41,590  DEBUG     httpcore.http11  atrace:87  send_request_headers.started request=<Request [b'POST']>
2026-07-07 11:01:41,591  DEBUG     httpcore.http11  atrace:87  send_request_headers.complete
2026-07-07 11:01:41,591  DEBUG     httpcore.http11  atrace:87  send_request_body.started request=<Request [b'POST']>
2026-07-07 11:01:41,591  DEBUG     httpcore.http11  atrace:87  send_request_body.complete
2026-07-07 11:01:41,591  DEBUG     httpcore.http11  atrace:87  receive_response_headers.started request=<Request [b'POST']>
2026-07-07 11:02:26,996  DEBUG     httpcore.http11  atrace:87  receive_response_headers.complete return_value=(b'HTTP/1.1', 200, b'OK', [(b'Server', b'openresty'), (b'Date', b'Tue, 07 Jul 2026 10:02:27 GMT'), (b'Content-Type', b'application/json;charset=UTF-8'), (b'Content-Length', b'327'), (b'Connection', b'keep-alive'), (b'x-request-id', b'977ngABPyvENpAjD7iH2rVbgqs1aRJNv'), (b'xserver', b'reporting-deployment-5744f4dd5d-x4g77'), (b'x-correlation-id', b'977ngABPyvENpAjD7iH2rVbgqs1aRJNv-0'), (b'cache-control', b'no-cache, no-store, must-revalidate'), (b'pragma', b'no-cache'), (b'expires', b'0'), (b'strict-transport-security', b'max-age=31622400; includeSubDomains'), (b'xserver-responsetime', b'45330'), (b'Access-Control-Allow-Origin', b'*'), (b'Access-Control-Allow-Credentials', b'true'), (b'Access-Control-Max-Age', b'60'), (b'Access-Control-Allow-Methods', b'GET, POST, PATCH, PUT, DELETE, OPTIONS'), (b'Access-Control-Allow-Headers', b'Content-Type,X-Requested-With,accept,Origin,Access-Control-Request-Method,Access-Control-Request-Headers, api-key, Authorization, x-proxy-company, x-proxy-company-id,x-proxy-global-company-id, x-proxy-username, x-proxy-userid, x-request-id,x-api-key, x-gw-ims-org-id'), (b'Access-Control-Expose-Headers', b'Date'), (b'X-Debug-Region', b'eu-west-1')])
2026-07-07 11:02:26,997  INFO      httpx  _send_single_request:1740  HTTP Request: POST https://analytics.adobe.io/api/legend0/reports "HTTP/1.1 200 OK"
2026-07-07 11:02:26,997  DEBUG     httpcore.http11  atrace:87  receive_response_body.started request=<Request [b'POST']>
2026-07-07 11:02:26,997  DEBUG     httpcore.http11  atrace:87  receive_response_body.complete
2026-07-07 11:02:26,998  DEBUG     httpcore.http11  atrace:87  response_closed.started
2026-07-07 11:02:26,998  DEBUG     httpcore.http11  atrace:87  response_closed.complete
2026-07-07 11:02:26,999  DEBUG     adobe_downloader.flows.rsid_update  run_rsid_update:204  OK  Cardschatcom  visits=2
2026-07-07 11:02:27,024  DEBUG     adobe_downloader.core.api_client  _post:91  POST https://analytics.adobe.io/api/legend0/reports
2026-07-07 11:02:27,024  DEBUG     adobe_downloader.core.api_client  _post:92    headers: {'Authorization': 'Bearer ***', 'x-api-key': '9585bf3b8c6f4d188ad6a1c1e8b8cd57', 'x-proxy-global-company-id': 'legend0', 'x-gw-ims-org-id': '9CE579FD5DCD8B590A495E09@AdobeOrg'}
2026-07-07 11:02:27,024  DEBUG     adobe_downloader.core.api_client  _post:94    body:
{
  "rsid": "trioxidecasinoonlinecom",
  "globalFilters": [
    {
      "type": "dateRange",
      "dateRange": "2026-04-01T00:00:00.000/2026-06-30T00:00:00.000"
    },
    {
      "type": "segment",
      "segmentId": "s3938_61bb0165a88ab931afa78e4c"
    }
  ],
  "metricContainer": {
    "metrics": [
      {
        "columnId": "0",
        "id": "metrics/visitors",
        "sort": "desc"
      },
      {
        "columnId": "1",
        "id": "metrics/visits",
        "sort": "desc"
      }
    ]
  },
  "settings": {
    "countRepeatInstances": true,
    "includeAnnotations": true,
    "page": 0,
    "nonesBehavior": "return-nones",
    "limit": 10
  }
}
2026-07-07 11:02:27,024  DEBUG     adobe_downloader.core.rate_limiter  execute:90  Rate limiter: executing request unknown
2026-07-07 11:02:27,025  DEBUG     httpcore.http11  atrace:87  send_request_headers.started request=<Request [b'POST']>
2026-07-07 11:02:27,025  DEBUG     httpcore.http11  atrace:87  send_request_headers.complete
2026-07-07 11:02:27,025  DEBUG     httpcore.http11  atrace:87  send_request_body.started request=<Request [b'POST']>
2026-07-07 11:02:27,025  DEBUG     httpcore.http11  atrace:87  send_request_body.complete
2026-07-07 11:02:27,025  DEBUG     httpcore.http11  atrace:87  receive_response_headers.started request=<Request [b'POST']>
2026-07-07 11:02:28,628  DEBUG     httpcore.http11  atrace:87  receive_response_headers.complete return_value=(b'HTTP/1.1', 200, b'OK', [(b'Server', b'openresty'), (b'Date', b'Tue, 07 Jul 2026 10:02:29 GMT'), (b'Content-Type', b'application/json;charset=UTF-8'), (b'Content-Length', b'339'), (b'Connection', b'keep-alive'), (b'x-request-id', b'DaY5SVpaMtmLWdVsOGaK9G3hQGGPhXea'), (b'xserver-responsetime', b'1523'), (b'xserver', b'reporting-deployment-c8cfdc8d6-gdqf7'), (b'x-correlation-id', b'DaY5SVpaMtmLWdVsOGaK9G3hQGGPhXea-0'), (b'cache-control', b'no-cache, no-store, must-revalidate'), (b'pragma', b'no-cache'), (b'expires', b'0'), (b'strict-transport-security', b'max-age=31622400; includeSubDomains'), (b'Access-Control-Allow-Origin', b'*'), (b'Access-Control-Allow-Credentials', b'true'), (b'Access-Control-Max-Age', b'60'), (b'Access-Control-Allow-Methods', b'GET, POST, PATCH, PUT, DELETE, OPTIONS'), (b'Access-Control-Allow-Headers', b'Content-Type,X-Requested-With,accept,Origin,Access-Control-Request-Method,Access-Control-Request-Headers, api-key, Authorization, x-proxy-company, x-proxy-company-id,x-proxy-global-company-id, x-proxy-username, x-proxy-userid, x-request-id,x-api-key, x-gw-ims-org-id'), (b'Access-Control-Expose-Headers', b'Date'), (b'X-Debug-Region', b'eu-west-1')])
2026-07-07 11:02:28,629  INFO      httpx  _send_single_request:1740  HTTP Request: POST https://analytics.adobe.io/api/legend0/reports "HTTP/1.1 200 OK"
2026-07-07 11:02:28,629  DEBUG     httpcore.http11  atrace:87  receive_response_body.started request=<Request [b'POST']>
2026-07-07 11:02:28,629  DEBUG     httpcore.http11  atrace:87  receive_response_body.complete
2026-07-07 11:02:28,630  DEBUG     httpcore.http11  atrace:87  response_closed.started
2026-07-07 11:02:28,630  DEBUG     httpcore.http11  atrace:87  response_closed.complete
2026-07-07 11:02:28,631  DEBUG     adobe_downloader.flows.rsid_update  run_rsid_update:204  OK  Casinoonlinecom  visits=5901
2026-07-07 11:02:28,658  DEBUG     adobe_downloader.core.api_client  _post:91  POST https://analytics.adobe.io/api/legend0/reports
2026-07-07 11:02:28,658  DEBUG     adobe_downloader.core.api_client  _post:92    headers: {'Authorization': 'Bearer ***', 'x-api-key': '9585bf3b8c6f4d188ad6a1c1e8b8cd57', 'x-proxy-global-company-id': 'legend0', 'x-gw-ims-org-id': '9CE579FD5DCD8B590A495E09@AdobeOrg'}
2026-07-07 11:02:28,658  DEBUG     adobe_downloader.core.api_client  _post:94    body:
{
  "rsid": "triplaneonlinecasinoat",
  "globalFilters": [
    {
      "type": "dateRange",
      "dateRange": "2026-04-01T00:00:00.000/2026-06-30T00:00:00.000"
    },
    {
      "type": "segment",
      "segmentId": "s3938_61bb0165a88ab931afa78e4c"
    }
  ],
  "metricContainer": {
    "metrics": [
      {
        "columnId": "0",
        "id": "metrics/visitors",
        "sort": "desc"
      },
      {
        "columnId": "1",
        "id": "metrics/visits",
        "sort": "desc"
      }
    ]
  },
  "settings": {
    "countRepeatInstances": true,
    "includeAnnotations": true,
    "page": 0,
    "nonesBehavior": "return-nones",
    "limit": 10
  }
}
2026-07-07 11:02:28,658  DEBUG     adobe_downloader.core.rate_limiter  execute:90  Rate limiter: executing request unknown
2026-07-07 11:02:28,659  DEBUG     httpcore.http11  atrace:87  send_request_headers.started request=<Request [b'POST']>
2026-07-07 11:02:28,660  DEBUG     httpcore.http11  atrace:87  send_request_headers.complete
2026-07-07 11:02:28,660  DEBUG     httpcore.http11  atrace:87  send_request_body.started request=<Request [b'POST']>
2026-07-07 11:02:28,660  DEBUG     httpcore.http11  atrace:87  send_request_body.complete
2026-07-07 11:02:28,660  DEBUG     httpcore.http11  atrace:87  receive_response_headers.started request=<Request [b'POST']>
2026-07-07 11:02:30,743  DEBUG     httpcore.http11  atrace:87  receive_response_headers.complete return_value=(b'HTTP/1.1', 200, b'OK', [(b'Server', b'openresty'), (b'Date', b'Tue, 07 Jul 2026 10:02:31 GMT'), (b'Content-Type', b'application/json;charset=UTF-8'), (b'Content-Length', b'343'), (b'Connection', b'keep-alive'), (b'x-request-id', b'aEB1K357NF40Fj3FWov4W1RmTqxTyepm'), (b'xserver', b'reporting-deployment-c8cfdc8d6-4hs9q'), (b'x-correlation-id', b'aEB1K357NF40Fj3FWov4W1RmTqxTyepm-0'), (b'cache-control', b'no-cache, no-store, must-revalidate'), (b'pragma', b'no-cache'), (b'expires', b'0'), (b'strict-transport-security', b'max-age=31622400; includeSubDomains'), (b'xserver-responsetime', b'2006'), (b'Access-Control-Allow-Origin', b'*'), (b'Access-Control-Allow-Credentials', b'true'), (b'Access-Control-Max-Age', b'60'), (b'Access-Control-Allow-Methods', b'GET, POST, PATCH, PUT, DELETE, OPTIONS'), (b'Access-Control-Allow-Headers', b'Content-Type,X-Requested-With,accept,Origin,Access-Control-Request-Method,Access-Control-Request-Headers, api-key, Authorization, x-proxy-company, x-proxy-company-id,x-proxy-global-company-id, x-proxy-username, x-proxy-userid, x-request-id,x-api-key, x-gw-ims-org-id'), (b'Access-Control-Expose-Headers', b'Date'), (b'X-Debug-Region', b'eu-west-1')])
2026-07-07 11:02:30,743  INFO      httpx  _send_single_request:1740  HTTP Request: POST https://analytics.adobe.io/api/legend0/reports "HTTP/1.1 200 OK"
2026-07-07 11:02:30,744  DEBUG     httpcore.http11  atrace:87  receive_response_body.started request=<Request [b'POST']>
2026-07-07 11:02:30,744  DEBUG     httpcore.http11  atrace:87  receive_response_body.complete
2026-07-07 11:02:30,744  DEBUG     httpcore.http11  atrace:87  response_closed.started
2026-07-07 11:02:30,744  DEBUG     httpcore.http11  atrace:87  response_closed.complete
2026-07-07 11:02:30,745  DEBUG     adobe_downloader.flows.rsid_update  run_rsid_update:204  OK  OnlineCasinoat  visits=32858
2026-07-07 11:02:30,768  DEBUG     adobe_downloader.core.api_client  _post:91  POST https://analytics.adobe.io/api/legend0/reports
2026-07-07 11:02:30,768  DEBUG     adobe_downloader.core.api_client  _post:92    headers: {'Authorization': 'Bearer ***', 'x-api-key': '9585bf3b8c6f4d188ad6a1c1e8b8cd57', 'x-proxy-global-company-id': 'legend0', 'x-gw-ims-org-id': '9CE579FD5DCD8B590A495E09@AdobeOrg'}
2026-07-07 11:02:30,768  DEBUG     adobe_downloader.core.api_client  _post:94    body:
{
  "rsid": "tripletail",
  "globalFilters": [
    {
      "type": "dateRange",
      "dateRange": "2026-04-01T00:00:00.000/2026-06-30T00:00:00.000"
    },
    {
      "type": "segment",
      "segmentId": "s3938_61bb0165a88ab931afa78e4c"
    }
  ],
  "metricContainer": {
    "metrics": [
      {
        "columnId": "0",
        "id": "metrics/visitors",
        "sort": "desc"
      },
      {
        "columnId": "1",
        "id": "metrics/visits",
        "sort": "desc"
      }
    ]
  },
  "settings": {
    "countRepeatInstances": true,
    "includeAnnotations": true,
    "page": 0,
    "nonesBehavior": "return-nones",
    "limit": 10
  }
}
2026-07-07 11:02:30,768  DEBUG     adobe_downloader.core.rate_limiter  execute:90  Rate limiter: executing request unknown
2026-07-07 11:02:30,769  DEBUG     httpcore.http11  atrace:87  send_request_headers.started request=<Request [b'POST']>
2026-07-07 11:02:30,770  DEBUG     httpcore.http11  atrace:87  send_request_headers.complete
2026-07-07 11:02:30,770  DEBUG     httpcore.http11  atrace:87  send_request_body.started request=<Request [b'POST']>
2026-07-07 11:02:30,770  DEBUG     httpcore.http11  atrace:87  send_request_body.complete
2026-07-07 11:02:30,770  DEBUG     httpcore.http11  atrace:87  receive_response_headers.started request=<Request [b'POST']>
2026-07-07 11:02:32,784  DEBUG     httpcore.http11  atrace:87  receive_response_headers.complete return_value=(b'HTTP/1.1', 200, b'OK', [(b'Server', b'openresty'), (b'Date', b'Tue, 07 Jul 2026 10:02:33 GMT'), (b'Content-Type', b'application/json;charset=UTF-8'), (b'Content-Length', b'335'), (b'Connection', b'keep-alive'), (b'x-request-id', b'VlDqtiRA2gNh87mAr9EOdggGlHHckWTt'), (b'xserver', b'reporting-deployment-c8cfdc8d6-wnr7d'), (b'x-correlation-id', b'VlDqtiRA2gNh87mAr9EOdggGlHHckWTt-0'), (b'cache-control', b'no-cache, no-store, must-revalidate'), (b'pragma', b'no-cache'), (b'expires', b'0'), (b'strict-transport-security', b'max-age=31622400; includeSubDomains'), (b'xserver-responsetime', b'1938'), (b'Access-Control-Allow-Origin', b'*'), (b'Access-Control-Allow-Credentials', b'true'), (b'Access-Control-Max-Age', b'60'), (b'Access-Control-Allow-Methods', b'GET, POST, PATCH, PUT, DELETE, OPTIONS'), (b'Access-Control-Allow-Headers', b'Content-Type,X-Requested-With,accept,Origin,Access-Control-Request-Method,Access-Control-Request-Headers, api-key, Authorization, x-proxy-company, x-proxy-company-id,x-proxy-global-company-id, x-proxy-username, x-proxy-userid, x-request-id,x-api-key, x-gw-ims-org-id'), (b'Access-Control-Expose-Headers', b'Date'), (b'X-Debug-Region', b'eu-west-1')])
2026-07-07 11:02:32,785  INFO      httpx  _send_single_request:1740  HTTP Request: POST https://analytics.adobe.io/api/legend0/reports "HTTP/1.1 200 OK"
2026-07-07 11:02:32,785  DEBUG     httpcore.http11  atrace:87  receive_response_body.started request=<Request [b'POST']>
2026-07-07 11:02:32,785  DEBUG     httpcore.http11  atrace:87  receive_response_body.complete
2026-07-07 11:02:32,786  DEBUG     httpcore.http11  atrace:87  response_closed.started
2026-07-07 11:02:32,786  DEBUG     httpcore.http11  atrace:87  response_closed.complete
2026-07-07 11:02:32,787  DEBUG     adobe_downloader.flows.rsid_update  run_rsid_update:204  OK  OnlineCasinoie  visits=555
2026-07-07 11:02:32,813  DEBUG     adobe_downloader.core.api_client  _post:91  POST https://analytics.adobe.io/api/legend0/reports
2026-07-07 11:02:32,813  DEBUG     adobe_downloader.core.api_client  _post:92    headers: {'Authorization': 'Bearer ***', 'x-api-key': '9585bf3b8c6f4d188ad6a1c1e8b8cd57', 'x-proxy-global-company-id': 'legend0', 'x-gw-ims-org-id': '9CE579FD5DCD8B590A495E09@AdobeOrg'}
2026-07-07 11:02:32,813  DEBUG     adobe_downloader.core.api_client  _post:94    body:
{
  "rsid": "triplicatesquadintel",
  "globalFilters": [
    {
      "type": "dateRange",
      "dateRange": "2026-04-01T00:00:00.000/2026-06-30T00:00:00.000"
    },
    {
      "type": "segment",
      "segmentId": "s3938_61bb0165a88ab931afa78e4c"
    }
  ],
  "metricContainer": {
    "metrics": [
      {
        "columnId": "0",
        "id": "metrics/visitors",
        "sort": "desc"
      },
      {
        "columnId": "1",
        "id": "metrics/visits",
        "sort": "desc"
      }
    ]
  },
  "settings": {
    "countRepeatInstances": true,
    "includeAnnotations": true,
    "page": 0,
    "nonesBehavior": "return-nones",
    "limit": 10
  }
}
2026-07-07 11:02:32,813  DEBUG     adobe_downloader.core.rate_limiter  execute:90  Rate limiter: executing request unknown
2026-07-07 11:02:32,814  DEBUG     httpcore.http11  atrace:87  send_request_headers.started request=<Request [b'POST']>
2026-07-07 11:02:32,814  DEBUG     httpcore.http11  atrace:87  send_request_headers.complete
2026-07-07 11:02:32,814  DEBUG     httpcore.http11  atrace:87  send_request_body.started request=<Request [b'POST']>
2026-07-07 11:02:32,814  DEBUG     httpcore.http11  atrace:87  send_request_body.complete
2026-07-07 11:02:32,814  DEBUG     httpcore.http11  atrace:87  receive_response_headers.started request=<Request [b'POST']>
2026-07-07 11:02:35,789  DEBUG     httpcore.http11  atrace:87  receive_response_headers.complete return_value=(b'HTTP/1.1', 200, b'OK', [(b'Server', b'openresty'), (b'Date', b'Tue, 07 Jul 2026 10:02:36 GMT'), (b'Content-Type', b'application/json;charset=UTF-8'), (b'Content-Length', b'339'), (b'Connection', b'keep-alive'), (b'x-request-id', b'IOFyfhZwWbnd4sD61rTBY0frjZIl7PyI'), (b'xserver-responsetime', b'2895'), (b'xserver', b'reporting-deployment-c8cfdc8d6-scd69'), (b'x-correlation-id', b'IOFyfhZwWbnd4sD61rTBY0frjZIl7PyI-0'), (b'cache-control', b'no-cache, no-store, must-revalidate'), (b'pragma', b'no-cache'), (b'expires', b'0'), (b'strict-transport-security', b'max-age=31622400; includeSubDomains'), (b'Access-Control-Allow-Origin', b'*'), (b'Access-Control-Allow-Credentials', b'true'), (b'Access-Control-Max-Age', b'60'), (b'Access-Control-Allow-Methods', b'GET, POST, PATCH, PUT, DELETE, OPTIONS'), (b'Access-Control-Allow-Headers', b'Content-Type,X-Requested-With,accept,Origin,Access-Control-Request-Method,Access-Control-Request-Headers, api-key, Authorization, x-proxy-company, x-proxy-company-id,x-proxy-global-company-id, x-proxy-username, x-proxy-userid, x-request-id,x-api-key, x-gw-ims-org-id'), (b'Access-Control-Expose-Headers', b'Date'), (b'X-Debug-Region', b'eu-west-1')])
2026-07-07 11:02:35,790  INFO      httpx  _send_single_request:1740  HTTP Request: POST https://analytics.adobe.io/api/legend0/reports "HTTP/1.1 200 OK"
2026-07-07 11:02:35,790  DEBUG     httpcore.http11  atrace:87  receive_response_body.started request=<Request [b'POST']>
2026-07-07 11:02:35,790  DEBUG     httpcore.http11  atrace:87  receive_response_body.complete
2026-07-07 11:02:35,791  DEBUG     httpcore.http11  atrace:87  response_closed.started
2026-07-07 11:02:35,791  DEBUG     httpcore.http11  atrace:87  response_closed.complete
2026-07-07 11:02:35,792  DEBUG     adobe_downloader.flows.rsid_update  run_rsid_update:204  OK  SquadIntel  visits=14349
2026-07-07 11:02:35,816  DEBUG     adobe_downloader.core.api_client  _post:91  POST https://analytics.adobe.io/api/legend0/reports
2026-07-07 11:02:35,816  DEBUG     adobe_downloader.core.api_client  _post:92    headers: {'Authorization': 'Bearer ***', 'x-api-key': '9585bf3b8c6f4d188ad6a1c1e8b8cd57', 'x-proxy-global-company-id': 'legend0', 'x-gw-ims-org-id': '9CE579FD5DCD8B590A495E09@AdobeOrg'}
2026-07-07 11:02:35,816  DEBUG     adobe_downloader.core.api_client  _post:94    body:
{
  "rsid": "triploblastic",
  "globalFilters": [
    {
      "type": "dateRange",
      "dateRange": "2026-04-01T00:00:00.000/2026-06-30T00:00:00.000"
    },
    {
      "type": "segment",
      "segmentId": "s3938_61bb0165a88ab931afa78e4c"
    }
  ],
  "metricContainer": {
    "metrics": [
      {
        "columnId": "0",
        "id": "metrics/visitors",
        "sort": "desc"
      },
      {
        "columnId": "1",
        "id": "metrics/visits",
        "sort": "desc"
      }
    ]
  },
  "settings": {
    "countRepeatInstances": true,
    "includeAnnotations": true,
    "page": 0,
    "nonesBehavior": "return-nones",
    "limit": 10
  }
}
2026-07-07 11:02:35,816  DEBUG     adobe_downloader.core.rate_limiter  execute:90  Rate limiter: executing request unknown
2026-07-07 11:02:35,817  DEBUG     httpcore.http11  atrace:87  send_request_headers.started request=<Request [b'POST']>
2026-07-07 11:02:35,818  DEBUG     httpcore.http11  atrace:87  send_request_headers.complete
2026-07-07 11:02:35,818  DEBUG     httpcore.http11  atrace:87  send_request_body.started request=<Request [b'POST']>
2026-07-07 11:02:35,818  DEBUG     httpcore.http11  atrace:87  send_request_body.complete
2026-07-07 11:02:35,818  DEBUG     httpcore.http11  atrace:87  receive_response_headers.started request=<Request [b'POST']>
2026-07-07 11:02:38,311  DEBUG     httpcore.http11  atrace:87  receive_response_headers.complete return_value=(b'HTTP/1.1', 200, b'OK', [(b'Server', b'openresty'), (b'Date', b'Tue, 07 Jul 2026 10:02:38 GMT'), (b'Content-Type', b'application/json;charset=UTF-8'), (b'Content-Length', b'339'), (b'Connection', b'keep-alive'), (b'x-request-id', b'phuROIXcnDV5N5wJcAci9EgwbZKN71oK'), (b'xserver-responsetime', b'2145'), (b'xserver', b'reporting-deployment-c8cfdc8d6-qwxdj'), (b'x-correlation-id', b'phuROIXcnDV5N5wJcAci9EgwbZKN71oK-0'), (b'cache-control', b'no-cache, no-store, must-revalidate'), (b'pragma', b'no-cache'), (b'expires', b'0'), (b'strict-transport-security', b'max-age=31622400; includeSubDomains'), (b'Access-Control-Allow-Origin', b'*'), (b'Access-Control-Allow-Credentials', b'true'), (b'Access-Control-Max-Age', b'60'), (b'Access-Control-Allow-Methods', b'GET, POST, PATCH, PUT, DELETE, OPTIONS'), (b'Access-Control-Allow-Headers', b'Content-Type,X-Requested-With,accept,Origin,Access-Control-Request-Method,Access-Control-Request-Headers, api-key, Authorization, x-proxy-company, x-proxy-company-id,x-proxy-global-company-id, x-proxy-username, x-proxy-userid, x-request-id,x-api-key, x-gw-ims-org-id'), (b'Access-Control-Expose-Headers', b'Date'), (b'X-Debug-Region', b'eu-west-1')])
2026-07-07 11:02:38,312  INFO      httpx  _send_single_request:1740  HTTP Request: POST https://analytics.adobe.io/api/legend0/reports "HTTP/1.1 200 OK"
2026-07-07 11:02:38,312  DEBUG     httpcore.http11  atrace:87  receive_response_body.started request=<Request [b'POST']>
2026-07-07 11:02:38,312  DEBUG     httpcore.http11  atrace:87  receive_response_body.complete
2026-07-07 11:02:38,313  DEBUG     httpcore.http11  atrace:87  response_closed.started
2026-07-07 11:02:38,313  DEBUG     httpcore.http11  atrace:87  response_closed.complete
2026-07-07 11:02:38,314  DEBUG     adobe_downloader.flows.rsid_update  run_rsid_update:204  OK  Blackjackcom  visits=8362
2026-07-07 11:02:38,339  DEBUG     adobe_downloader.core.api_client  _post:91  POST https://analytics.adobe.io/api/legend0/reports
2026-07-07 11:02:38,340  DEBUG     adobe_downloader.core.api_client  _post:92    headers: {'Authorization': 'Bearer ***', 'x-api-key': '9585bf3b8c6f4d188ad6a1c1e8b8cd57', 'x-proxy-global-company-id': 'legend0', 'x-gw-ims-org-id': '9CE579FD5DCD8B590A495E09@AdobeOrg'}
2026-07-07 11:02:38,340  DEBUG     adobe_downloader.core.api_client  _post:94    body:
{
  "rsid": "triploblasticonlinerouletteorg1.test",
  "globalFilters": [
    {
      "type": "dateRange",
      "dateRange": "2026-04-01T00:00:00.000/2026-06-30T00:00:00.000"
    },
    {
      "type": "segment",
      "segmentId": "s3938_61bb0165a88ab931afa78e4c"
    }
  ],
  "metricContainer": {
    "metrics": [
      {
        "columnId": "0",
        "id": "metrics/visitors",
        "sort": "desc"
      },
      {
        "columnId": "1",
        "id": "metrics/visits",
        "sort": "desc"
      }
    ]
  },
  "settings": {
    "countRepeatInstances": true,
    "includeAnnotations": true,
    "page": 0,
    "nonesBehavior": "return-nones",
    "limit": 10
  }
}
2026-07-07 11:02:38,340  DEBUG     adobe_downloader.core.rate_limiter  execute:90  Rate limiter: executing request unknown
2026-07-07 11:02:38,341  DEBUG     httpcore.http11  atrace:87  send_request_headers.started request=<Request [b'POST']>
2026-07-07 11:02:38,341  DEBUG     httpcore.http11  atrace:87  send_request_headers.complete
2026-07-07 11:02:38,341  DEBUG     httpcore.http11  atrace:87  send_request_body.started request=<Request [b'POST']>
2026-07-07 11:02:38,341  DEBUG     httpcore.http11  atrace:87  send_request_body.complete
2026-07-07 11:02:38,342  DEBUG     httpcore.http11  atrace:87  receive_response_headers.started request=<Request [b'POST']>
2026-07-07 11:02:43,530  DEBUG     httpcore.http11  atrace:87  receive_response_headers.complete return_value=(b'HTTP/1.1', 200, b'OK', [(b'Server', b'openresty'), (b'Date', b'Tue, 07 Jul 2026 10:02:44 GMT'), (b'Content-Type', b'application/json;charset=UTF-8'), (b'Content-Length', b'327'), (b'Connection', b'keep-alive'), (b'x-request-id', b'hFgkfkBiVGyJUcBCQOmmk96gTEC8ETpb'), (b'xserver-responsetime', b'5109'), (b'xserver', b'reporting-deployment-c8cfdc8d6-24728'), (b'x-correlation-id', b'hFgkfkBiVGyJUcBCQOmmk96gTEC8ETpb-0'), (b'cache-control', b'no-cache, no-store, must-revalidate'), (b'pragma', b'no-cache'), (b'expires', b'0'), (b'strict-transport-security', b'max-age=31622400; includeSubDomains'), (b'Access-Control-Allow-Origin', b'*'), (b'Access-Control-Allow-Credentials', b'true'), (b'Access-Control-Max-Age', b'60'), (b'Access-Control-Allow-Methods', b'GET, POST, PATCH, PUT, DELETE, OPTIONS'), (b'Access-Control-Allow-Headers', b'Content-Type,X-Requested-With,accept,Origin,Access-Control-Request-Method,Access-Control-Request-Headers, api-key, Authorization, x-proxy-company, x-proxy-company-id,x-proxy-global-company-id, x-proxy-username, x-proxy-userid, x-request-id,x-api-key, x-gw-ims-org-id'), (b'Access-Control-Expose-Headers', b'Date'), (b'X-Debug-Region', b'eu-west-1')])
2026-07-07 11:02:43,530  INFO      httpx  _send_single_request:1740  HTTP Request: POST https://analytics.adobe.io/api/legend0/reports "HTTP/1.1 200 OK"
2026-07-07 11:02:43,531  DEBUG     httpcore.http11  atrace:87  receive_response_body.started request=<Request [b'POST']>
2026-07-07 11:02:43,531  DEBUG     httpcore.http11  atrace:87  receive_response_body.complete
2026-07-07 11:02:43,531  DEBUG     httpcore.http11  atrace:87  response_closed.started
2026-07-07 11:02:43,531  DEBUG     httpcore.http11  atrace:87  response_closed.complete
2026-07-07 11:02:43,532  DEBUG     adobe_downloader.flows.rsid_update  run_rsid_update:204  OK  OnlineRouletteorg  visits=0
2026-07-07 11:02:43,558  DEBUG     adobe_downloader.core.api_client  _post:91  POST https://analytics.adobe.io/api/legend0/reports
2026-07-07 11:02:43,558  DEBUG     adobe_downloader.core.api_client  _post:92    headers: {'Authorization': 'Bearer ***', 'x-api-key': '9585bf3b8c6f4d188ad6a1c1e8b8cd57', 'x-proxy-global-company-id': 'legend0', 'x-gw-ims-org-id': '9CE579FD5DCD8B590A495E09@AdobeOrg'}
2026-07-07 11:02:43,558  DEBUG     adobe_downloader.core.api_client  _post:94    body:
{
  "rsid": "triploidiesonlineblackjackca.test",
  "globalFilters": [
    {
      "type": "dateRange",
      "dateRange": "2026-04-01T00:00:00.000/2026-06-30T00:00:00.000"
    },
    {
      "type": "segment",
      "segmentId": "s3938_61bb0165a88ab931afa78e4c"
    }
  ],
  "metricContainer": {
    "metrics": [
      {
        "columnId": "0",
        "id": "metrics/visitors",
        "sort": "desc"
      },
      {
        "columnId": "1",
        "id": "metrics/visits",
        "sort": "desc"
      }
    ]
  },
  "settings": {
    "countRepeatInstances": true,
    "includeAnnotations": true,
    "page": 0,
    "nonesBehavior": "return-nones",
    "limit": 10
  }
}
2026-07-07 11:02:43,558  DEBUG     adobe_downloader.core.rate_limiter  execute:90  Rate limiter: executing request unknown
2026-07-07 11:02:43,559  DEBUG     httpcore.http11  atrace:87  send_request_headers.started request=<Request [b'POST']>
2026-07-07 11:02:43,560  DEBUG     httpcore.http11  atrace:87  send_request_headers.complete
2026-07-07 11:02:43,560  DEBUG     httpcore.http11  atrace:87  send_request_body.started request=<Request [b'POST']>
2026-07-07 11:02:43,560  DEBUG     httpcore.http11  atrace:87  send_request_body.complete
2026-07-07 11:02:43,560  DEBUG     httpcore.http11  atrace:87  receive_response_headers.started request=<Request [b'POST']>
2026-07-07 11:02:45,975  DEBUG     httpcore.http11  atrace:87  receive_response_headers.complete return_value=(b'HTTP/1.1', 200, b'OK', [(b'Server', b'openresty'), (b'Date', b'Tue, 07 Jul 2026 10:02:46 GMT'), (b'Content-Type', b'application/json;charset=UTF-8'), (b'Content-Length', b'339'), (b'Connection', b'keep-alive'), (b'x-request-id', b'3VwNacxAugTJVHxUwN1FHzqnDn7bCgJV'), (b'xserver-responsetime', b'2334'), (b'xserver', b'reporting-deployment-c8cfdc8d6-24728'), (b'x-correlation-id', b'3VwNacxAugTJVHxUwN1FHzqnDn7bCgJV-0'), (b'cache-control', b'no-cache, no-store, must-revalidate'), (b'pragma', b'no-cache'), (b'expires', b'0'), (b'strict-transport-security', b'max-age=31622400; includeSubDomains'), (b'Access-Control-Allow-Origin', b'*'), (b'Access-Control-Allow-Credentials', b'true'), (b'Access-Control-Max-Age', b'60'), (b'Access-Control-Allow-Methods', b'GET, POST, PATCH, PUT, DELETE, OPTIONS'), (b'Access-Control-Allow-Headers', b'Content-Type,X-Requested-With,accept,Origin,Access-Control-Request-Method,Access-Control-Request-Headers, api-key, Authorization, x-proxy-company, x-proxy-company-id,x-proxy-global-company-id, x-proxy-username, x-proxy-userid, x-request-id,x-api-key, x-gw-ims-org-id'), (b'Access-Control-Expose-Headers', b'Date'), (b'X-Debug-Region', b'eu-west-1')])
2026-07-07 11:02:45,976  INFO      httpx  _send_single_request:1740  HTTP Request: POST https://analytics.adobe.io/api/legend0/reports "HTTP/1.1 200 OK"
2026-07-07 11:02:45,977  DEBUG     httpcore.http11  atrace:87  receive_response_body.started request=<Request [b'POST']>
2026-07-07 11:02:45,977  DEBUG     httpcore.http11  atrace:87  receive_response_body.complete
2026-07-07 11:02:45,978  DEBUG     httpcore.http11  atrace:87  response_closed.started
2026-07-07 11:02:45,978  DEBUG     httpcore.http11  atrace:87  response_closed.complete
2026-07-07 11:02:45,979  DEBUG     adobe_downloader.flows.rsid_update  run_rsid_update:204  OK  OnlineBlackjackca  visits=1042
2026-07-07 11:02:46,003  DEBUG     adobe_downloader.core.api_client  _post:91  POST https://analytics.adobe.io/api/legend0/reports
2026-07-07 11:02:46,003  DEBUG     adobe_downloader.core.api_client  _post:92    headers: {'Authorization': 'Bearer ***', 'x-api-key': '9585bf3b8c6f4d188ad6a1c1e8b8cd57', 'x-proxy-global-company-id': 'legend0', 'x-gw-ims-org-id': '9CE579FD5DCD8B590A495E09@AdobeOrg'}
2026-07-07 11:02:46,003  DEBUG     adobe_downloader.core.api_client  _post:94    body:
{
  "rsid": "tripodonlinecasinocoza",
  "globalFilters": [
    {
      "type": "dateRange",
      "dateRange": "2026-04-01T00:00:00.000/2026-06-30T00:00:00.000"
    },
    {
      "type": "segment",
      "segmentId": "s3938_61bb0165a88ab931afa78e4c"
    }
  ],
  "metricContainer": {
    "metrics": [
      {
        "columnId": "0",
        "id": "metrics/visitors",
        "sort": "desc"
      },
      {
        "columnId": "1",
        "id": "metrics/visits",
        "sort": "desc"
      }
    ]
  },
  "settings": {
    "countRepeatInstances": true,
    "includeAnnotations": true,
    "page": 0,
    "nonesBehavior": "return-nones",
    "limit": 10
  }
}
2026-07-07 11:02:46,004  DEBUG     adobe_downloader.core.rate_limiter  execute:90  Rate limiter: executing request unknown
2026-07-07 11:02:46,005  DEBUG     httpcore.http11  atrace:87  send_request_headers.started request=<Request [b'POST']>
2026-07-07 11:02:46,005  DEBUG     httpcore.http11  atrace:87  send_request_headers.complete
2026-07-07 11:02:46,005  DEBUG     httpcore.http11  atrace:87  send_request_body.started request=<Request [b'POST']>
2026-07-07 11:02:46,005  DEBUG     httpcore.http11  atrace:87  send_request_body.complete
2026-07-07 11:02:46,006  DEBUG     httpcore.http11  atrace:87  receive_response_headers.started request=<Request [b'POST']>
2026-07-07 11:02:47,821  DEBUG     httpcore.http11  atrace:87  receive_response_headers.complete return_value=(b'HTTP/1.1', 200, b'OK', [(b'Server', b'openresty'), (b'Date', b'Tue, 07 Jul 2026 10:02:48 GMT'), (b'Content-Type', b'application/json;charset=UTF-8'), (b'Content-Length', b'337'), (b'Connection', b'keep-alive'), (b'x-request-id', b'4afAgLgeybDG7Pd0bUCqTbDtj6vOYmzR'), (b'xserver', b'reporting-deployment-c8cfdc8d6-74fhz'), (b'x-correlation-id', b'4afAgLgeybDG7Pd0bUCqTbDtj6vOYmzR-0'), (b'cache-control', b'no-cache, no-store, must-revalidate'), (b'pragma', b'no-cache'), (b'expires', b'0'), (b'strict-transport-security', b'max-age=31622400; includeSubDomains'), (b'xserver-responsetime', b'1740'), (b'Access-Control-Allow-Origin', b'*'), (b'Access-Control-Allow-Credentials', b'true'), (b'Access-Control-Max-Age', b'60'), (b'Access-Control-Allow-Methods', b'GET, POST, PATCH, PUT, DELETE, OPTIONS'), (b'Access-Control-Allow-Headers', b'Content-Type,X-Requested-With,accept,Origin,Access-Control-Request-Method,Access-Control-Request-Headers, api-key, Authorization, x-proxy-company, x-proxy-company-id,x-proxy-global-company-id, x-proxy-username, x-proxy-userid, x-request-id,x-api-key, x-gw-ims-org-id'), (b'Access-Control-Expose-Headers', b'Date'), (b'X-Debug-Region', b'eu-west-1')])
2026-07-07 11:02:47,821  INFO      httpx  _send_single_request:1740  HTTP Request: POST https://analytics.adobe.io/api/legend0/reports "HTTP/1.1 200 OK"
2026-07-07 11:02:47,822  DEBUG     httpcore.http11  atrace:87  receive_response_body.started request=<Request [b'POST']>
2026-07-07 11:02:47,822  DEBUG     httpcore.http11  atrace:87  receive_response_body.complete
2026-07-07 11:02:47,822  DEBUG     httpcore.http11  atrace:87  response_closed.started
2026-07-07 11:02:47,822  DEBUG     httpcore.http11  atrace:87  response_closed.complete
2026-07-07 11:02:47,823  DEBUG     adobe_downloader.flows.rsid_update  run_rsid_update:204  OK  OnlineCasinocoza  visits=1114
2026-07-07 11:02:47,847  DEBUG     adobe_downloader.core.api_client  _post:91  POST https://analytics.adobe.io/api/legend0/reports
2026-07-07 11:02:47,848  DEBUG     adobe_downloader.core.api_client  _post:92    headers: {'Authorization': 'Bearer ***', 'x-api-key': '9585bf3b8c6f4d188ad6a1c1e8b8cd57', 'x-proxy-global-company-id': 'legend0', 'x-gw-ims-org-id': '9CE579FD5DCD8B590A495E09@AdobeOrg'}
2026-07-07 11:02:47,848  DEBUG     adobe_downloader.core.api_client  _post:94    body:
{
  "rsid": "trippletailscasinokompassprod",
  "globalFilters": [
    {
      "type": "dateRange",
      "dateRange": "2026-04-01T00:00:00.000/2026-06-30T00:00:00.000"
    },
    {
      "type": "segment",
      "segmentId": "s3938_61bb0165a88ab931afa78e4c"
    }
  ],
  "metricContainer": {
    "metrics": [
      {
        "columnId": "0",
        "id": "metrics/visitors",
        "sort": "desc"
      },
      {
        "columnId": "1",
        "id": "metrics/visits",
        "sort": "desc"
      }
    ]
  },
  "settings": {
    "countRepeatInstances": true,
    "includeAnnotations": true,
    "page": 0,
    "nonesBehavior": "return-nones",
    "limit": 10
  }
}
2026-07-07 11:02:47,848  DEBUG     adobe_downloader.core.rate_limiter  execute:90  Rate limiter: executing request unknown
2026-07-07 11:02:47,849  DEBUG     httpcore.http11  atrace:87  send_request_headers.started request=<Request [b'POST']>
2026-07-07 11:02:47,849  DEBUG     httpcore.http11  atrace:87  send_request_headers.complete
2026-07-07 11:02:47,849  DEBUG     httpcore.http11  atrace:87  send_request_body.started request=<Request [b'POST']>
2026-07-07 11:02:47,849  DEBUG     httpcore.http11  atrace:87  send_request_body.complete
2026-07-07 11:02:47,849  DEBUG     httpcore.http11  atrace:87  receive_response_headers.started request=<Request [b'POST']>
2026-07-07 11:02:49,357  DEBUG     httpcore.http11  atrace:87  receive_response_headers.complete return_value=(b'HTTP/1.1', 200, b'OK', [(b'Server', b'openresty'), (b'Date', b'Tue, 07 Jul 2026 10:02:49 GMT'), (b'Content-Type', b'application/json;charset=UTF-8'), (b'Content-Length', b'327'), (b'Connection', b'keep-alive'), (b'x-request-id', b'NeXTa2nS32eUDF3ddyDIz7kiehoMYcRI'), (b'xserver', b'reporting-deployment-c8cfdc8d6-dxgcd'), (b'x-correlation-id', b'NeXTa2nS32eUDF3ddyDIz7kiehoMYcRI-0'), (b'cache-control', b'no-cache, no-store, must-revalidate'), (b'pragma', b'no-cache'), (b'expires', b'0'), (b'strict-transport-security', b'max-age=31622400; includeSubDomains'), (b'xserver-responsetime', b'1429'), (b'Access-Control-Allow-Origin', b'*'), (b'Access-Control-Allow-Credentials', b'true'), (b'Access-Control-Max-Age', b'60'), (b'Access-Control-Allow-Methods', b'GET, POST, PATCH, PUT, DELETE, OPTIONS'), (b'Access-Control-Allow-Headers', b'Content-Type,X-Requested-With,accept,Origin,Access-Control-Request-Method,Access-Control-Request-Headers, api-key, Authorization, x-proxy-company, x-proxy-company-id,x-proxy-global-company-id, x-proxy-username, x-proxy-userid, x-request-id,x-api-key, x-gw-ims-org-id'), (b'Access-Control-Expose-Headers', b'Date'), (b'X-Debug-Region', b'eu-west-1')])
2026-07-07 11:02:49,358  INFO      httpx  _send_single_request:1740  HTTP Request: POST https://analytics.adobe.io/api/legend0/reports "HTTP/1.1 200 OK"
2026-07-07 11:02:49,358  DEBUG     httpcore.http11  atrace:87  receive_response_body.started request=<Request [b'POST']>
2026-07-07 11:02:49,358  DEBUG     httpcore.http11  atrace:87  receive_response_body.complete
2026-07-07 11:02:49,358  DEBUG     httpcore.http11  atrace:87  response_closed.started
2026-07-07 11:02:49,358  DEBUG     httpcore.http11  atrace:87  response_closed.complete
2026-07-07 11:02:49,359  DEBUG     adobe_downloader.flows.rsid_update  run_rsid_update:204  OK  CasinoKompasscom  visits=0
2026-07-07 11:02:49,383  DEBUG     adobe_downloader.core.api_client  _post:91  POST https://analytics.adobe.io/api/legend0/reports
2026-07-07 11:02:49,383  DEBUG     adobe_downloader.core.api_client  _post:92    headers: {'Authorization': 'Bearer ***', 'x-api-key': '9585bf3b8c6f4d188ad6a1c1e8b8cd57', 'x-proxy-global-company-id': 'legend0', 'x-gw-ims-org-id': '9CE579FD5DCD8B590A495E09@AdobeOrg'}
2026-07-07 11:02:49,383  DEBUG     adobe_downloader.core.api_client  _post:94    body:
{
  "rsid": "triptanecasinoca.test",
  "globalFilters": [
    {
      "type": "dateRange",
      "dateRange": "2026-04-01T00:00:00.000/2026-06-30T00:00:00.000"
    },
    {
      "type": "segment",
      "segmentId": "s3938_61bb0165a88ab931afa78e4c"
    }
  ],
  "metricContainer": {
    "metrics": [
      {
        "columnId": "0",
        "id": "metrics/visitors",
        "sort": "desc"
      },
      {
        "columnId": "1",
        "id": "metrics/visits",
        "sort": "desc"
      }
    ]
  },
  "settings": {
    "countRepeatInstances": true,
    "includeAnnotations": true,
    "page": 0,
    "nonesBehavior": "return-nones",
    "limit": 10
  }
}
2026-07-07 11:02:49,384  DEBUG     adobe_downloader.core.rate_limiter  execute:90  Rate limiter: executing request unknown
2026-07-07 11:02:49,384  DEBUG     httpcore.http11  atrace:87  send_request_headers.started request=<Request [b'POST']>
2026-07-07 11:02:49,385  DEBUG     httpcore.http11  atrace:87  send_request_headers.complete
2026-07-07 11:02:49,385  DEBUG     httpcore.http11  atrace:87  send_request_body.started request=<Request [b'POST']>
2026-07-07 11:02:49,385  DEBUG     httpcore.http11  atrace:87  send_request_body.complete
2026-07-07 11:02:49,385  DEBUG     httpcore.http11  atrace:87  receive_response_headers.started request=<Request [b'POST']>
2026-07-07 11:02:55,439  DEBUG     httpcore.http11  atrace:87  receive_response_headers.complete return_value=(b'HTTP/1.1', 200, b'OK', [(b'Server', b'openresty'), (b'Date', b'Tue, 07 Jul 2026 10:02:55 GMT'), (b'Content-Type', b'application/json;charset=UTF-8'), (b'Content-Length', b'347'), (b'Connection', b'keep-alive'), (b'x-request-id', b'KHDf0FnehKBmehwE3vOdM1Vyev0CVATg'), (b'xserver-responsetime', b'5967'), (b'xserver', b'reporting-deployment-c8cfdc8d6-24728'), (b'x-correlation-id', b'KHDf0FnehKBmehwE3vOdM1Vyev0CVATg-0'), (b'cache-control', b'no-cache, no-store, must-revalidate'), (b'pragma', b'no-cache'), (b'expires', b'0'), (b'strict-transport-security', b'max-age=31622400; includeSubDomains'), (b'Access-Control-Allow-Origin', b'*'), (b'Access-Control-Allow-Credentials', b'true'), (b'Access-Control-Max-Age', b'60'), (b'Access-Control-Allow-Methods', b'GET, POST, PATCH, PUT, DELETE, OPTIONS'), (b'Access-Control-Allow-Headers', b'Content-Type,X-Requested-With,accept,Origin,Access-Control-Request-Method,Access-Control-Request-Headers, api-key, Authorization, x-proxy-company, x-proxy-company-id,x-proxy-global-company-id, x-proxy-username, x-proxy-userid, x-request-id,x-api-key, x-gw-ims-org-id'), (b'Access-Control-Expose-Headers', b'Date'), (b'X-Debug-Region', b'eu-west-1')])
2026-07-07 11:02:55,439  INFO      httpx  _send_single_request:1740  HTTP Request: POST https://analytics.adobe.io/api/legend0/reports "HTTP/1.1 200 OK"
2026-07-07 11:02:55,440  DEBUG     httpcore.http11  atrace:87  receive_response_body.started request=<Request [b'POST']>
2026-07-07 11:02:55,440  DEBUG     httpcore.http11  atrace:87  receive_response_body.complete
2026-07-07 11:02:55,440  DEBUG     httpcore.http11  atrace:87  response_closed.started
2026-07-07 11:02:55,440  DEBUG     httpcore.http11  atrace:87  response_closed.complete
2026-07-07 11:02:55,441  DEBUG     adobe_downloader.flows.rsid_update  run_rsid_update:204  OK  Casinoca  visits=194096
2026-07-07 11:02:55,467  DEBUG     adobe_downloader.core.api_client  _post:91  POST https://analytics.adobe.io/api/legend0/reports
2026-07-07 11:02:55,467  DEBUG     adobe_downloader.core.api_client  _post:92    headers: {'Authorization': 'Bearer ***', 'x-api-key': '9585bf3b8c6f4d188ad6a1c1e8b8cd57', 'x-proxy-global-company-id': 'legend0', 'x-gw-ims-org-id': '9CE579FD5DCD8B590A495E09@AdobeOrg'}
2026-07-07 11:02:55,467  DEBUG     adobe_downloader.core.api_client  _post:94    body:
{
  "rsid": "tripwireonlinecasinosde",
  "globalFilters": [
    {
      "type": "dateRange",
      "dateRange": "2026-04-01T00:00:00.000/2026-06-30T00:00:00.000"
    },
    {
      "type": "segment",
      "segmentId": "s3938_61bb0165a88ab931afa78e4c"
    }
  ],
  "metricContainer": {
    "metrics": [
      {
        "columnId": "0",
        "id": "metrics/visitors",
        "sort": "desc"
      },
      {
        "columnId": "1",
        "id": "metrics/visits",
        "sort": "desc"
      }
    ]
  },
  "settings": {
    "countRepeatInstances": true,
    "includeAnnotations": true,
    "page": 0,
    "nonesBehavior": "return-nones",
    "limit": 10
  }
}
2026-07-07 11:02:55,467  DEBUG     adobe_downloader.core.rate_limiter  execute:90  Rate limiter: executing request unknown
2026-07-07 11:02:55,468  DEBUG     httpcore.http11  atrace:87  send_request_headers.started request=<Request [b'POST']>
2026-07-07 11:02:55,469  DEBUG     httpcore.http11  atrace:87  send_request_headers.complete
2026-07-07 11:02:55,469  DEBUG     httpcore.http11  atrace:87  send_request_body.started request=<Request [b'POST']>
2026-07-07 11:02:55,470  DEBUG     httpcore.http11  atrace:87  send_request_body.complete
2026-07-07 11:02:55,470  DEBUG     httpcore.http11  atrace:87  receive_response_headers.started request=<Request [b'POST']>
2026-07-07 11:02:57,490  DEBUG     httpcore.http11  atrace:87  receive_response_headers.complete return_value=(b'HTTP/1.1', 200, b'OK', [(b'Server', b'openresty'), (b'Date', b'Tue, 07 Jul 2026 10:02:57 GMT'), (b'Content-Type', b'application/json;charset=UTF-8'), (b'Content-Length', b'339'), (b'Connection', b'keep-alive'), (b'x-request-id', b'u03M0PHzJ5uOHeUuhVK0MIW9v2Gy29WL'), (b'xserver-responsetime', b'1944'), (b'xserver', b'reporting-deployment-c8cfdc8d6-scd69'), (b'x-correlation-id', b'u03M0PHzJ5uOHeUuhVK0MIW9v2Gy29WL-0'), (b'cache-control', b'no-cache, no-store, must-revalidate'), (b'pragma', b'no-cache'), (b'expires', b'0'), (b'strict-transport-security', b'max-age=31622400; includeSubDomains'), (b'Access-Control-Allow-Origin', b'*'), (b'Access-Control-Allow-Credentials', b'true'), (b'Access-Control-Max-Age', b'60'), (b'Access-Control-Allow-Methods', b'GET, POST, PATCH, PUT, DELETE, OPTIONS'), (b'Access-Control-Allow-Headers', b'Content-Type,X-Requested-With,accept,Origin,Access-Control-Request-Method,Access-Control-Request-Headers, api-key, Authorization, x-proxy-company, x-proxy-company-id,x-proxy-global-company-id, x-proxy-username, x-proxy-userid, x-request-id,x-api-key, x-gw-ims-org-id'), (b'Access-Control-Expose-Headers', b'Date'), (b'X-Debug-Region', b'eu-west-1')])
2026-07-07 11:02:57,490  INFO      httpx  _send_single_request:1740  HTTP Request: POST https://analytics.adobe.io/api/legend0/reports "HTTP/1.1 200 OK"
2026-07-07 11:02:57,490  DEBUG     httpcore.http11  atrace:87  receive_response_body.started request=<Request [b'POST']>
2026-07-07 11:02:57,491  DEBUG     httpcore.http11  atrace:87  receive_response_body.complete
2026-07-07 11:02:57,491  DEBUG     httpcore.http11  atrace:87  response_closed.started
2026-07-07 11:02:57,491  DEBUG     httpcore.http11  atrace:87  response_closed.complete
2026-07-07 11:02:57,493  DEBUG     adobe_downloader.flows.rsid_update  run_rsid_update:204  OK  OnlineCasinosde  visits=1432
2026-07-07 11:02:57,529  DEBUG     adobe_downloader.core.api_client  _post:91  POST https://analytics.adobe.io/api/legend0/reports
2026-07-07 11:02:57,529  DEBUG     adobe_downloader.core.api_client  _post:92    headers: {'Authorization': 'Bearer ***', 'x-api-key': '9585bf3b8c6f4d188ad6a1c1e8b8cd57', 'x-proxy-global-company-id': 'legend0', 'x-gw-ims-org-id': '9CE579FD5DCD8B590A495E09@AdobeOrg'}
2026-07-07 11:02:57,529  DEBUG     adobe_downloader.core.api_client  _post:94    body:
{
  "rsid": "trisectonlineslotscom.test",
  "globalFilters": [
    {
      "type": "dateRange",
      "dateRange": "2026-04-01T00:00:00.000/2026-06-30T00:00:00.000"
    },
    {
      "type": "segment",
      "segmentId": "s3938_61bb0165a88ab931afa78e4c"
    }
  ],
  "metricContainer": {
    "metrics": [
      {
        "columnId": "0",
        "id": "metrics/visitors",
        "sort": "desc"
      },
      {
        "columnId": "1",
        "id": "metrics/visits",
        "sort": "desc"
      }
    ]
  },
  "settings": {
    "countRepeatInstances": true,
    "includeAnnotations": true,
    "page": 0,
    "nonesBehavior": "return-nones",
    "limit": 10
  }
}
2026-07-07 11:02:57,529  DEBUG     adobe_downloader.core.rate_limiter  execute:90  Rate limiter: executing request unknown
2026-07-07 11:02:57,531  DEBUG     httpcore.http11  atrace:87  send_request_headers.started request=<Request [b'POST']>
2026-07-07 11:02:57,531  DEBUG     httpcore.http11  atrace:87  send_request_headers.complete
2026-07-07 11:02:57,531  DEBUG     httpcore.http11  atrace:87  send_request_body.started request=<Request [b'POST']>
2026-07-07 11:02:57,532  DEBUG     httpcore.http11  atrace:87  send_request_body.complete
2026-07-07 11:02:57,532  DEBUG     httpcore.http11  atrace:87  receive_response_headers.started request=<Request [b'POST']>
2026-07-07 11:03:00,542  DEBUG     httpcore.http11  atrace:87  receive_response_headers.complete return_value=(b'HTTP/1.1', 200, b'OK', [(b'Server', b'openresty'), (b'Date', b'Tue, 07 Jul 2026 10:03:01 GMT'), (b'Content-Type', b'application/json;charset=UTF-8'), (b'Content-Length', b'343'), (b'Connection', b'keep-alive'), (b'x-request-id', b'Gz1gr7OANHPoz5dKhEuUePmywtRWsp77'), (b'xserver-responsetime', b'2930'), (b'xserver', b'reporting-deployment-c8cfdc8d6-gdqf7'), (b'x-correlation-id', b'Gz1gr7OANHPoz5dKhEuUePmywtRWsp77-0'), (b'cache-control', b'no-cache, no-store, must-revalidate'), (b'pragma', b'no-cache'), (b'expires', b'0'), (b'strict-transport-security', b'max-age=31622400; includeSubDomains'), (b'Access-Control-Allow-Origin', b'*'), (b'Access-Control-Allow-Credentials', b'true'), (b'Access-Control-Max-Age', b'60'), (b'Access-Control-Allow-Methods', b'GET, POST, PATCH, PUT, DELETE, OPTIONS'), (b'Access-Control-Allow-Headers', b'Content-Type,X-Requested-With,accept,Origin,Access-Control-Request-Method,Access-Control-Request-Headers, api-key, Authorization, x-proxy-company, x-proxy-company-id,x-proxy-global-company-id, x-proxy-username, x-proxy-userid, x-request-id,x-api-key, x-gw-ims-org-id'), (b'Access-Control-Expose-Headers', b'Date'), (b'X-Debug-Region', b'eu-west-1')])
2026-07-07 11:03:00,543  INFO      httpx  _send_single_request:1740  HTTP Request: POST https://analytics.adobe.io/api/legend0/reports "HTTP/1.1 200 OK"
2026-07-07 11:03:00,543  DEBUG     httpcore.http11  atrace:87  receive_response_body.started request=<Request [b'POST']>
2026-07-07 11:03:00,544  DEBUG     httpcore.http11  atrace:87  receive_response_body.complete
2026-07-07 11:03:00,544  DEBUG     httpcore.http11  atrace:87  response_closed.started
2026-07-07 11:03:00,544  DEBUG     httpcore.http11  atrace:87  response_closed.complete
2026-07-07 11:03:00,546  DEBUG     adobe_downloader.flows.rsid_update  run_rsid_update:204  OK  OnlineSlotscom  visits=31331
2026-07-07 11:03:00,570  DEBUG     adobe_downloader.core.api_client  _post:91  POST https://analytics.adobe.io/api/legend0/reports
2026-07-07 11:03:00,570  DEBUG     adobe_downloader.core.api_client  _post:92    headers: {'Authorization': 'Bearer ***', 'x-api-key': '9585bf3b8c6f4d188ad6a1c1e8b8cd57', 'x-proxy-global-company-id': 'legend0', 'x-gw-ims-org-id': '9CE579FD5DCD8B590A495E09@AdobeOrg'}
2026-07-07 11:03:00,570  DEBUG     adobe_downloader.core.api_client  _post:94    body:
{
  "rsid": "triskelionbetca",
  "globalFilters": [
    {
      "type": "dateRange",
      "dateRange": "2026-04-01T00:00:00.000/2026-06-30T00:00:00.000"
    },
    {
      "type": "segment",
      "segmentId": "s3938_61bb0165a88ab931afa78e4c"
    }
  ],
  "metricContainer": {
    "metrics": [
      {
        "columnId": "0",
        "id": "metrics/visitors",
        "sort": "desc"
      },
      {
        "columnId": "1",
        "id": "metrics/visits",
        "sort": "desc"
      }
    ]
  },
  "settings": {
    "countRepeatInstances": true,
    "includeAnnotations": true,
    "page": 0,
    "nonesBehavior": "return-nones",
    "limit": 10
  }
}
2026-07-07 11:03:00,571  DEBUG     adobe_downloader.core.rate_limiter  execute:90  Rate limiter: executing request unknown
2026-07-07 11:03:00,572  DEBUG     httpcore.http11  atrace:87  send_request_headers.started request=<Request [b'POST']>
2026-07-07 11:03:00,573  DEBUG     httpcore.http11  atrace:87  send_request_headers.complete
2026-07-07 11:03:00,573  DEBUG     httpcore.http11  atrace:87  send_request_body.started request=<Request [b'POST']>
2026-07-07 11:03:00,573  DEBUG     httpcore.http11  atrace:87  send_request_body.complete
2026-07-07 11:03:00,573  DEBUG     httpcore.http11  atrace:87  receive_response_headers.started request=<Request [b'POST']>
2026-07-07 11:03:02,215  DEBUG     httpcore.http11  atrace:87  receive_response_headers.complete return_value=(b'HTTP/1.1', 200, b'OK', [(b'Server', b'openresty'), (b'Date', b'Tue, 07 Jul 2026 10:03:02 GMT'), (b'Content-Type', b'application/json;charset=UTF-8'), (b'Content-Length', b'335'), (b'Connection', b'keep-alive'), (b'x-request-id', b'iyZzDYZICiSh1rf9TP5pa2FGOydDddrd'), (b'xserver-responsetime', b'1566'), (b'xserver', b'reporting-deployment-c8cfdc8d6-gdqf7'), (b'x-correlation-id', b'iyZzDYZICiSh1rf9TP5pa2FGOydDddrd-0'), (b'cache-control', b'no-cache, no-store, must-revalidate'), (b'pragma', b'no-cache'), (b'expires', b'0'), (b'strict-transport-security', b'max-age=31622400; includeSubDomains'), (b'Access-Control-Allow-Origin', b'*'), (b'Access-Control-Allow-Credentials', b'true'), (b'Access-Control-Max-Age', b'60'), (b'Access-Control-Allow-Methods', b'GET, POST, PATCH, PUT, DELETE, OPTIONS'), (b'Access-Control-Allow-Headers', b'Content-Type,X-Requested-With,accept,Origin,Access-Control-Request-Method,Access-Control-Request-Headers, api-key, Authorization, x-proxy-company, x-proxy-company-id,x-proxy-global-company-id, x-proxy-username, x-proxy-userid, x-request-id,x-api-key, x-gw-ims-org-id'), (b'Access-Control-Expose-Headers', b'Date'), (b'X-Debug-Region', b'eu-west-1')])
2026-07-07 11:03:02,215  INFO      httpx  _send_single_request:1740  HTTP Request: POST https://analytics.adobe.io/api/legend0/reports "HTTP/1.1 200 OK"
2026-07-07 11:03:02,216  DEBUG     httpcore.http11  atrace:87  receive_response_body.started request=<Request [b'POST']>
2026-07-07 11:03:02,216  DEBUG     httpcore.http11  atrace:87  receive_response_body.complete
2026-07-07 11:03:02,217  DEBUG     httpcore.http11  atrace:87  response_closed.started
2026-07-07 11:03:02,217  DEBUG     httpcore.http11  atrace:87  response_closed.complete
2026-07-07 11:03:02,218  DEBUG     adobe_downloader.flows.rsid_update  run_rsid_update:204  OK  Betca  visits=842
2026-07-07 11:03:02,243  DEBUG     adobe_downloader.core.api_client  _post:91  POST https://analytics.adobe.io/api/legend0/reports
2026-07-07 11:03:02,243  DEBUG     adobe_downloader.core.api_client  _post:92    headers: {'Authorization': 'Bearer ***', 'x-api-key': '9585bf3b8c6f4d188ad6a1c1e8b8cd57', 'x-proxy-global-company-id': 'legend0', 'x-gw-ims-org-id': '9CE579FD5DCD8B590A495E09@AdobeOrg'}
2026-07-07 11:03:02,243  DEBUG     adobe_downloader.core.api_client  _post:94    body:
{
  "rsid": "trisportsillustrated",
  "globalFilters": [
    {
      "type": "dateRange",
      "dateRange": "2026-04-01T00:00:00.000/2026-06-30T00:00:00.000"
    },
    {
      "type": "segment",
      "segmentId": "s3938_61bb0165a88ab931afa78e4c"
    }
  ],
  "metricContainer": {
    "metrics": [
      {
        "columnId": "0",
        "id": "metrics/visitors",
        "sort": "desc"
      },
      {
        "columnId": "1",
        "id": "metrics/visits",
        "sort": "desc"
      }
    ]
  },
  "settings": {
    "countRepeatInstances": true,
    "includeAnnotations": true,
    "page": 0,
    "nonesBehavior": "return-nones",
    "limit": 10
  }
}
2026-07-07 11:03:02,243  DEBUG     adobe_downloader.core.rate_limiter  execute:90  Rate limiter: executing request unknown
2026-07-07 11:03:02,244  DEBUG     httpcore.http11  atrace:87  send_request_headers.started request=<Request [b'POST']>
2026-07-07 11:03:02,244  DEBUG     httpcore.http11  atrace:87  send_request_headers.complete
2026-07-07 11:03:02,244  DEBUG     httpcore.http11  atrace:87  send_request_body.started request=<Request [b'POST']>
2026-07-07 11:03:02,245  DEBUG     httpcore.http11  atrace:87  send_request_body.complete
2026-07-07 11:03:02,245  DEBUG     httpcore.http11  atrace:87  receive_response_headers.started request=<Request [b'POST']>
2026-07-07 11:03:03,731  DEBUG     httpcore.http11  atrace:87  receive_response_headers.complete return_value=(b'HTTP/1.1', 200, b'OK', [(b'Server', b'openresty'), (b'Date', b'Tue, 07 Jul 2026 10:03:04 GMT'), (b'Content-Type', b'application/json;charset=UTF-8'), (b'Content-Length', b'327'), (b'Connection', b'keep-alive'), (b'x-request-id', b'i7lI2AelbZfJAvqchhWDqWmYh9dh7wcW'), (b'xserver', b'reporting-deployment-c8cfdc8d6-74fhz'), (b'x-correlation-id', b'i7lI2AelbZfJAvqchhWDqWmYh9dh7wcW-0'), (b'cache-control', b'no-cache, no-store, must-revalidate'), (b'pragma', b'no-cache'), (b'expires', b'0'), (b'strict-transport-security', b'max-age=31622400; includeSubDomains'), (b'xserver-responsetime', b'1410'), (b'Access-Control-Allow-Origin', b'*'), (b'Access-Control-Allow-Credentials', b'true'), (b'Access-Control-Max-Age', b'60'), (b'Access-Control-Allow-Methods', b'GET, POST, PATCH, PUT, DELETE, OPTIONS'), (b'Access-Control-Allow-Headers', b'Content-Type,X-Requested-With,accept,Origin,Access-Control-Request-Method,Access-Control-Request-Headers, api-key, Authorization, x-proxy-company, x-proxy-company-id,x-proxy-global-company-id, x-proxy-username, x-proxy-userid, x-request-id,x-api-key, x-gw-ims-org-id'), (b'Access-Control-Expose-Headers', b'Date'), (b'X-Debug-Region', b'eu-west-1')])
2026-07-07 11:03:03,731  INFO      httpx  _send_single_request:1740  HTTP Request: POST https://analytics.adobe.io/api/legend0/reports "HTTP/1.1 200 OK"
2026-07-07 11:03:03,731  DEBUG     httpcore.http11  atrace:87  receive_response_body.started request=<Request [b'POST']>
2026-07-07 11:03:03,732  DEBUG     httpcore.http11  atrace:87  receive_response_body.complete
2026-07-07 11:03:03,732  DEBUG     httpcore.http11  atrace:87  response_closed.started
2026-07-07 11:03:03,732  DEBUG     httpcore.http11  atrace:87  response_closed.complete
2026-07-07 11:03:03,733  DEBUG     adobe_downloader.flows.rsid_update  run_rsid_update:204  OK  SportsIllustratedProduction  visits=0
2026-07-07 11:03:03,757  DEBUG     adobe_downloader.core.api_client  _post:91  POST https://analytics.adobe.io/api/legend0/reports
2026-07-07 11:03:03,758  DEBUG     adobe_downloader.core.api_client  _post:92    headers: {'Authorization': 'Bearer ***', 'x-api-key': '9585bf3b8c6f4d188ad6a1c1e8b8cd57', 'x-proxy-global-company-id': 'legend0', 'x-gw-ims-org-id': '9CE579FD5DCD8B590A495E09@AdobeOrg'}
2026-07-07 11:03:03,758  DEBUG     adobe_downloader.core.api_client  _post:94    body:
{
  "rsid": "tristearincasinocoza",
  "globalFilters": [
    {
      "type": "dateRange",
      "dateRange": "2026-04-01T00:00:00.000/2026-06-30T00:00:00.000"
    },
    {
      "type": "segment",
      "segmentId": "s3938_61bb0165a88ab931afa78e4c"
    }
  ],
  "metricContainer": {
    "metrics": [
      {
        "columnId": "0",
        "id": "metrics/visitors",
        "sort": "desc"
      },
      {
        "columnId": "1",
        "id": "metrics/visits",
        "sort": "desc"
      }
    ]
  },
  "settings": {
    "countRepeatInstances": true,
    "includeAnnotations": true,
    "page": 0,
    "nonesBehavior": "return-nones",
    "limit": 10
  }
}
2026-07-07 11:03:03,758  DEBUG     adobe_downloader.core.rate_limiter  execute:90  Rate limiter: executing request unknown
2026-07-07 11:03:03,759  DEBUG     httpcore.http11  atrace:87  send_request_headers.started request=<Request [b'POST']>
2026-07-07 11:03:03,759  DEBUG     httpcore.http11  atrace:87  send_request_headers.complete
2026-07-07 11:03:03,759  DEBUG     httpcore.http11  atrace:87  send_request_body.started request=<Request [b'POST']>
2026-07-07 11:03:03,759  DEBUG     httpcore.http11  atrace:87  send_request_body.complete
2026-07-07 11:03:03,759  DEBUG     httpcore.http11  atrace:87  receive_response_headers.started request=<Request [b'POST']>
2026-07-07 11:03:05,728  DEBUG     httpcore.http11  atrace:87  receive_response_headers.complete return_value=(b'HTTP/1.1', 200, b'OK', [(b'Server', b'openresty'), (b'Date', b'Tue, 07 Jul 2026 10:03:06 GMT'), (b'Content-Type', b'application/json;charset=UTF-8'), (b'Content-Length', b'339'), (b'Connection', b'keep-alive'), (b'x-request-id', b'QzZRaW8hH3cjm4wmwMgMh6nScppDL5hD'), (b'xserver', b'reporting-deployment-c8cfdc8d6-hdwkl'), (b'x-correlation-id', b'QzZRaW8hH3cjm4wmwMgMh6nScppDL5hD-0'), (b'cache-control', b'no-cache, no-store, must-revalidate'), (b'pragma', b'no-cache'), (b'expires', b'0'), (b'strict-transport-security', b'max-age=31622400; includeSubDomains'), (b'xserver-responsetime', b'1894'), (b'Access-Control-Allow-Origin', b'*'), (b'Access-Control-Allow-Credentials', b'true'), (b'Access-Control-Max-Age', b'60'), (b'Access-Control-Allow-Methods', b'GET, POST, PATCH, PUT, DELETE, OPTIONS'), (b'Access-Control-Allow-Headers', b'Content-Type,X-Requested-With,accept,Origin,Access-Control-Request-Method,Access-Control-Request-Headers, api-key, Authorization, x-proxy-company, x-proxy-company-id,x-proxy-global-company-id, x-proxy-username, x-proxy-userid, x-request-id,x-api-key, x-gw-ims-org-id'), (b'Access-Control-Expose-Headers', b'Date'), (b'X-Debug-Region', b'eu-west-1')])
2026-07-07 11:03:05,728  INFO      httpx  _send_single_request:1740  HTTP Request: POST https://analytics.adobe.io/api/legend0/reports "HTTP/1.1 200 OK"
2026-07-07 11:03:05,729  DEBUG     httpcore.http11  atrace:87  receive_response_body.started request=<Request [b'POST']>
2026-07-07 11:03:05,729  DEBUG     httpcore.http11  atrace:87  receive_response_body.complete
2026-07-07 11:03:05,730  DEBUG     httpcore.http11  atrace:87  response_closed.started
2026-07-07 11:03:05,730  DEBUG     httpcore.http11  atrace:87  response_closed.complete
2026-07-07 11:03:05,731  DEBUG     adobe_downloader.flows.rsid_update  run_rsid_update:204  OK  Casinocoza  visits=7990
2026-07-07 11:03:05,755  DEBUG     adobe_downloader.core.api_client  _post:91  POST https://analytics.adobe.io/api/legend0/reports
2026-07-07 11:03:05,755  DEBUG     adobe_downloader.core.api_client  _post:92    headers: {'Authorization': 'Bearer ***', 'x-api-key': '9585bf3b8c6f4d188ad6a1c1e8b8cd57', 'x-proxy-global-company-id': 'legend0', 'x-gw-ims-org-id': '9CE579FD5DCD8B590A495E09@AdobeOrg'}
2026-07-07 11:03:05,755  DEBUG     adobe_downloader.core.api_client  _post:94    body:
{
  "rsid": "trisyllableonlinerouletteca",
  "globalFilters": [
    {
      "type": "dateRange",
      "dateRange": "2026-04-01T00:00:00.000/2026-06-30T00:00:00.000"
    },
    {
      "type": "segment",
      "segmentId": "s3938_61bb0165a88ab931afa78e4c"
    }
  ],
  "metricContainer": {
    "metrics": [
      {
        "columnId": "0",
        "id": "metrics/visitors",
        "sort": "desc"
      },
      {
        "columnId": "1",
        "id": "metrics/visits",
        "sort": "desc"
      }
    ]
  },
  "settings": {
    "countRepeatInstances": true,
    "includeAnnotations": true,
    "page": 0,
    "nonesBehavior": "return-nones",
    "limit": 10
  }
}
2026-07-07 11:03:05,755  DEBUG     adobe_downloader.core.rate_limiter  execute:90  Rate limiter: executing request unknown
2026-07-07 11:03:05,756  DEBUG     httpcore.http11  atrace:87  send_request_headers.started request=<Request [b'POST']>
2026-07-07 11:03:05,757  DEBUG     httpcore.http11  atrace:87  send_request_headers.complete
2026-07-07 11:03:05,757  DEBUG     httpcore.http11  atrace:87  send_request_body.started request=<Request [b'POST']>
2026-07-07 11:03:05,757  DEBUG     httpcore.http11  atrace:87  send_request_body.complete
2026-07-07 11:03:05,757  DEBUG     httpcore.http11  atrace:87  receive_response_headers.started request=<Request [b'POST']>
2026-07-07 11:03:07,617  DEBUG     httpcore.http11  atrace:87  receive_response_headers.complete return_value=(b'HTTP/1.1', 200, b'OK', [(b'Server', b'openresty'), (b'Date', b'Tue, 07 Jul 2026 10:03:08 GMT'), (b'Content-Type', b'application/json;charset=UTF-8'), (b'Content-Length', b'339'), (b'Connection', b'keep-alive'), (b'x-request-id', b'NQlASdumYJQSBuJ5rrj55cUXo2ZPqSN4'), (b'xserver-responsetime', b'1778'), (b'xserver', b'reporting-deployment-c8cfdc8d6-qwxdj'), (b'x-correlation-id', b'NQlASdumYJQSBuJ5rrj55cUXo2ZPqSN4-0'), (b'cache-control', b'no-cache, no-store, must-revalidate'), (b'pragma', b'no-cache'), (b'expires', b'0'), (b'strict-transport-security', b'max-age=31622400; includeSubDomains'), (b'Access-Control-Allow-Origin', b'*'), (b'Access-Control-Allow-Credentials', b'true'), (b'Access-Control-Max-Age', b'60'), (b'Access-Control-Allow-Methods', b'GET, POST, PATCH, PUT, DELETE, OPTIONS'), (b'Access-Control-Allow-Headers', b'Content-Type,X-Requested-With,accept,Origin,Access-Control-Request-Method,Access-Control-Request-Headers, api-key, Authorization, x-proxy-company, x-proxy-company-id,x-proxy-global-company-id, x-proxy-username, x-proxy-userid, x-request-id,x-api-key, x-gw-ims-org-id'), (b'Access-Control-Expose-Headers', b'Date'), (b'X-Debug-Region', b'eu-west-1')])
2026-07-07 11:03:07,617  INFO      httpx  _send_single_request:1740  HTTP Request: POST https://analytics.adobe.io/api/legend0/reports "HTTP/1.1 200 OK"
2026-07-07 11:03:07,617  DEBUG     httpcore.http11  atrace:87  receive_response_body.started request=<Request [b'POST']>
2026-07-07 11:03:07,617  DEBUG     httpcore.http11  atrace:87  receive_response_body.complete
2026-07-07 11:03:07,618  DEBUG     httpcore.http11  atrace:87  response_closed.started
2026-07-07 11:03:07,618  DEBUG     httpcore.http11  atrace:87  response_closed.complete
2026-07-07 11:03:07,619  DEBUG     adobe_downloader.flows.rsid_update  run_rsid_update:204  OK  OnlineRouletteca  visits=3230
2026-07-07 11:03:07,644  DEBUG     adobe_downloader.core.api_client  _post:91  POST https://analytics.adobe.io/api/legend0/reports
2026-07-07 11:03:07,644  DEBUG     adobe_downloader.core.api_client  _post:92    headers: {'Authorization': 'Bearer ***', 'x-api-key': '9585bf3b8c6f4d188ad6a1c1e8b8cd57', 'x-proxy-global-company-id': 'legend0', 'x-gw-ims-org-id': '9CE579FD5DCD8B590A495E09@AdobeOrg'}
2026-07-07 11:03:07,644  DEBUG     adobe_downloader.core.api_client  _post:94    body:
{
  "rsid": "trithingsonlinecasinocouk.test",
  "globalFilters": [
    {
      "type": "dateRange",
      "dateRange": "2026-04-01T00:00:00.000/2026-06-30T00:00:00.000"
    },
    {
      "type": "segment",
      "segmentId": "s3938_61bb0165a88ab931afa78e4c"
    }
  ],
  "metricContainer": {
    "metrics": [
      {
        "columnId": "0",
        "id": "metrics/visitors",
        "sort": "desc"
      },
      {
        "columnId": "1",
        "id": "metrics/visits",
        "sort": "desc"
      }
    ]
  },
  "settings": {
    "countRepeatInstances": true,
    "includeAnnotations": true,
    "page": 0,
    "nonesBehavior": "return-nones",
    "limit": 10
  }
}
2026-07-07 11:03:07,644  DEBUG     adobe_downloader.core.rate_limiter  execute:90  Rate limiter: executing request unknown
2026-07-07 11:03:07,645  DEBUG     httpcore.http11  atrace:87  send_request_headers.started request=<Request [b'POST']>
2026-07-07 11:03:07,645  DEBUG     httpcore.http11  atrace:87  send_request_headers.complete
2026-07-07 11:03:07,646  DEBUG     httpcore.http11  atrace:87  send_request_body.started request=<Request [b'POST']>
2026-07-07 11:03:07,646  DEBUG     httpcore.http11  atrace:87  send_request_body.complete
2026-07-07 11:03:07,646  DEBUG     httpcore.http11  atrace:87  receive_response_headers.started request=<Request [b'POST']>
2026-07-07 11:03:10,746  DEBUG     httpcore.http11  atrace:87  receive_response_headers.complete return_value=(b'HTTP/1.1', 200, b'OK', [(b'Server', b'openresty'), (b'Date', b'Tue, 07 Jul 2026 10:03:11 GMT'), (b'Content-Type', b'application/json;charset=UTF-8'), (b'Content-Length', b'339'), (b'Connection', b'keep-alive'), (b'x-request-id', b'A1fWfukp6hqThjdHaIpMPSHlx0gicADA'), (b'xserver-responsetime', b'3023'), (b'xserver', b'reporting-deployment-c8cfdc8d6-24728'), (b'x-correlation-id', b'A1fWfukp6hqThjdHaIpMPSHlx0gicADA-0'), (b'cache-control', b'no-cache, no-store, must-revalidate'), (b'pragma', b'no-cache'), (b'expires', b'0'), (b'strict-transport-security', b'max-age=31622400; includeSubDomains'), (b'Access-Control-Allow-Origin', b'*'), (b'Access-Control-Allow-Credentials', b'true'), (b'Access-Control-Max-Age', b'60'), (b'Access-Control-Allow-Methods', b'GET, POST, PATCH, PUT, DELETE, OPTIONS'), (b'Access-Control-Allow-Headers', b'Content-Type,X-Requested-With,accept,Origin,Access-Control-Request-Method,Access-Control-Request-Headers, api-key, Authorization, x-proxy-company, x-proxy-company-id,x-proxy-global-company-id, x-proxy-username, x-proxy-userid, x-request-id,x-api-key, x-gw-ims-org-id'), (b'Access-Control-Expose-Headers', b'Date'), (b'X-Debug-Region', b'eu-west-1')])
2026-07-07 11:03:10,747  INFO      httpx  _send_single_request:1740  HTTP Request: POST https://analytics.adobe.io/api/legend0/reports "HTTP/1.1 200 OK"
2026-07-07 11:03:10,747  DEBUG     httpcore.http11  atrace:87  receive_response_body.started request=<Request [b'POST']>
2026-07-07 11:03:10,747  DEBUG     httpcore.http11  atrace:87  receive_response_body.complete
2026-07-07 11:03:10,748  DEBUG     httpcore.http11  atrace:87  response_closed.started
2026-07-07 11:03:10,748  DEBUG     httpcore.http11  atrace:87  response_closed.complete
2026-07-07 11:03:10,749  DEBUG     adobe_downloader.flows.rsid_update  run_rsid_update:204  OK  OnlineCasinocouk  visits=1367
2026-07-07 11:03:10,775  DEBUG     adobe_downloader.core.api_client  _post:91  POST https://analytics.adobe.io/api/legend0/reports
2026-07-07 11:03:10,775  DEBUG     adobe_downloader.core.api_client  _post:92    headers: {'Authorization': 'Bearer ***', 'x-api-key': '9585bf3b8c6f4d188ad6a1c1e8b8cd57', 'x-proxy-global-company-id': 'legend0', 'x-gw-ims-org-id': '9CE579FD5DCD8B590A495E09@AdobeOrg'}
2026-07-07 11:03:10,775  DEBUG     adobe_downloader.core.api_client  _post:94    body:
{
  "rsid": "tritonecasinoonlinede.test",
  "globalFilters": [
    {
      "type": "dateRange",
      "dateRange": "2026-04-01T00:00:00.000/2026-06-30T00:00:00.000"
    },
    {
      "type": "segment",
      "segmentId": "s3938_61bb0165a88ab931afa78e4c"
    }
  ],
  "metricContainer": {
    "metrics": [
      {
        "columnId": "0",
        "id": "metrics/visitors",
        "sort": "desc"
      },
      {
        "columnId": "1",
        "id": "metrics/visits",
        "sort": "desc"
      }
    ]
  },
  "settings": {
    "countRepeatInstances": true,
    "includeAnnotations": true,
    "page": 0,
    "nonesBehavior": "return-nones",
    "limit": 10
  }
}
2026-07-07 11:03:10,775  DEBUG     adobe_downloader.core.rate_limiter  execute:90  Rate limiter: executing request unknown
2026-07-07 11:03:10,776  DEBUG     httpcore.http11  atrace:87  send_request_headers.started request=<Request [b'POST']>
2026-07-07 11:03:10,777  DEBUG     httpcore.http11  atrace:87  send_request_headers.complete
2026-07-07 11:03:10,777  DEBUG     httpcore.http11  atrace:87  send_request_body.started request=<Request [b'POST']>
2026-07-07 11:03:10,777  DEBUG     httpcore.http11  atrace:87  send_request_body.complete
2026-07-07 11:03:10,777  DEBUG     httpcore.http11  atrace:87  receive_response_headers.started request=<Request [b'POST']>
2026-07-07 11:03:20,334  DEBUG     httpcore.http11  atrace:87  receive_response_headers.complete return_value=(b'HTTP/1.1', 200, b'OK', [(b'Server', b'openresty'), (b'Date', b'Tue, 07 Jul 2026 10:03:20 GMT'), (b'Content-Type', b'application/json;charset=UTF-8'), (b'Content-Length', b'345'), (b'Connection', b'keep-alive'), (b'x-request-id', b'RH6VsvJ5KLVfLc2LNOPjCPiiiPyRFTfZ'), (b'xserver-responsetime', b'9457'), (b'xserver', b'reporting-deployment-c8cfdc8d6-qwxdj'), (b'x-correlation-id', b'RH6VsvJ5KLVfLc2LNOPjCPiiiPyRFTfZ-0'), (b'cache-control', b'no-cache, no-store, must-revalidate'), (b'pragma', b'no-cache'), (b'expires', b'0'), (b'strict-transport-security', b'max-age=31622400; includeSubDomains'), (b'Access-Control-Allow-Origin', b'*'), (b'Access-Control-Allow-Credentials', b'true'), (b'Access-Control-Max-Age', b'60'), (b'Access-Control-Allow-Methods', b'GET, POST, PATCH, PUT, DELETE, OPTIONS'), (b'Access-Control-Allow-Headers', b'Content-Type,X-Requested-With,accept,Origin,Access-Control-Request-Method,Access-Control-Request-Headers, api-key, Authorization, x-proxy-company, x-proxy-company-id,x-proxy-global-company-id, x-proxy-username, x-proxy-userid, x-request-id,x-api-key, x-gw-ims-org-id'), (b'Access-Control-Expose-Headers', b'Date'), (b'X-Debug-Region', b'eu-west-1')])
2026-07-07 11:03:20,335  INFO      httpx  _send_single_request:1740  HTTP Request: POST https://analytics.adobe.io/api/legend0/reports "HTTP/1.1 200 OK"
2026-07-07 11:03:20,335  DEBUG     httpcore.http11  atrace:87  receive_response_body.started request=<Request [b'POST']>
2026-07-07 11:03:20,336  DEBUG     httpcore.http11  atrace:87  receive_response_body.complete
2026-07-07 11:03:20,337  DEBUG     httpcore.http11  atrace:87  response_closed.started
2026-07-07 11:03:20,337  DEBUG     httpcore.http11  atrace:87  response_closed.complete
2026-07-07 11:03:20,338  DEBUG     adobe_downloader.flows.rsid_update  run_rsid_update:204  OK  CasinoOnlinede  visits=136240
2026-07-07 11:03:20,364  DEBUG     adobe_downloader.core.api_client  _post:91  POST https://analytics.adobe.io/api/legend0/reports
2026-07-07 11:03:20,364  DEBUG     adobe_downloader.core.api_client  _post:92    headers: {'Authorization': 'Bearer ***', 'x-api-key': '9585bf3b8c6f4d188ad6a1c1e8b8cd57', 'x-proxy-global-company-id': 'legend0', 'x-gw-ims-org-id': '9CE579FD5DCD8B590A495E09@AdobeOrg'}
2026-07-07 11:03:20,364  DEBUG     adobe_downloader.core.api_client  _post:94    body:
{
  "rsid": "tritriathlonhorseracingcouk",
  "globalFilters": [
    {
      "type": "dateRange",
      "dateRange": "2026-04-01T00:00:00.000/2026-06-30T00:00:00.000"
    },
    {
      "type": "segment",
      "segmentId": "s3938_61bb0165a88ab931afa78e4c"
    }
  ],
  "metricContainer": {
    "metrics": [
      {
        "columnId": "0",
        "id": "metrics/visitors",
        "sort": "desc"
      },
      {
        "columnId": "1",
        "id": "metrics/visits",
        "sort": "desc"
      }
    ]
  },
  "settings": {
    "countRepeatInstances": true,
    "includeAnnotations": true,
    "page": 0,
    "nonesBehavior": "return-nones",
    "limit": 10
  }
}
2026-07-07 11:03:20,364  DEBUG     adobe_downloader.core.rate_limiter  execute:90  Rate limiter: executing request unknown
2026-07-07 11:03:20,365  DEBUG     httpcore.http11  atrace:87  send_request_headers.started request=<Request [b'POST']>
2026-07-07 11:03:20,365  DEBUG     httpcore.http11  atrace:87  send_request_headers.complete
2026-07-07 11:03:20,366  DEBUG     httpcore.http11  atrace:87  send_request_body.started request=<Request [b'POST']>
2026-07-07 11:03:20,366  DEBUG     httpcore.http11  atrace:87  send_request_body.complete
2026-07-07 11:03:20,366  DEBUG     httpcore.http11  atrace:87  receive_response_headers.started request=<Request [b'POST']>
2026-07-07 11:03:23,617  DEBUG     httpcore.http11  atrace:87  receive_response_headers.complete return_value=(b'HTTP/1.1', 200, b'OK', [(b'Server', b'openresty'), (b'Date', b'Tue, 07 Jul 2026 10:03:24 GMT'), (b'Content-Type', b'application/json;charset=UTF-8'), (b'Content-Length', b'327'), (b'Connection', b'keep-alive'), (b'x-request-id', b'evZXyW1j7x4S1w0By1uXQBrfnBKgb9do'), (b'xserver', b'reporting-deployment-c8cfdc8d6-wnr7d'), (b'x-correlation-id', b'evZXyW1j7x4S1w0By1uXQBrfnBKgb9do-0'), (b'cache-control', b'no-cache, no-store, must-revalidate'), (b'pragma', b'no-cache'), (b'expires', b'0'), (b'strict-transport-security', b'max-age=31622400; includeSubDomains'), (b'xserver-responsetime', b'3179'), (b'Access-Control-Allow-Origin', b'*'), (b'Access-Control-Allow-Credentials', b'true'), (b'Access-Control-Max-Age', b'60'), (b'Access-Control-Allow-Methods', b'GET, POST, PATCH, PUT, DELETE, OPTIONS'), (b'Access-Control-Allow-Headers', b'Content-Type,X-Requested-With,accept,Origin,Access-Control-Request-Method,Access-Control-Request-Headers, api-key, Authorization, x-proxy-company, x-proxy-company-id,x-proxy-global-company-id, x-proxy-username, x-proxy-userid, x-request-id,x-api-key, x-gw-ims-org-id'), (b'Access-Control-Expose-Headers', b'Date'), (b'X-Debug-Region', b'eu-west-1')])
2026-07-07 11:03:23,618  INFO      httpx  _send_single_request:1740  HTTP Request: POST https://analytics.adobe.io/api/legend0/reports "HTTP/1.1 200 OK"
2026-07-07 11:03:23,618  DEBUG     httpcore.http11  atrace:87  receive_response_body.started request=<Request [b'POST']>
2026-07-07 11:03:23,619  DEBUG     httpcore.http11  atrace:87  receive_response_body.complete
2026-07-07 11:03:23,619  DEBUG     httpcore.http11  atrace:87  response_closed.started
2026-07-07 11:03:23,620  DEBUG     httpcore.http11  atrace:87  response_closed.complete
2026-07-07 11:03:23,621  DEBUG     adobe_downloader.flows.rsid_update  run_rsid_update:204  OK  HorseRacingcouk  visits=0
2026-07-07 11:03:23,644  DEBUG     adobe_downloader.core.api_client  _post:91  POST https://analytics.adobe.io/api/legend0/reports
2026-07-07 11:03:23,644  DEBUG     adobe_downloader.core.api_client  _post:92    headers: {'Authorization': 'Bearer ***', 'x-api-key': '9585bf3b8c6f4d188ad6a1c1e8b8cd57', 'x-proxy-global-company-id': 'legend0', 'x-gw-ims-org-id': '9CE579FD5DCD8B590A495E09@AdobeOrg'}
2026-07-07 11:03:23,644  DEBUG     adobe_downloader.core.api_client  _post:94    body:
{
  "rsid": "tritrickcasinoonline.co.uk",
  "globalFilters": [
    {
      "type": "dateRange",
      "dateRange": "2026-04-01T00:00:00.000/2026-06-30T00:00:00.000"
    },
    {
      "type": "segment",
      "segmentId": "s3938_61bb0165a88ab931afa78e4c"
    }
  ],
  "metricContainer": {
    "metrics": [
      {
        "columnId": "0",
        "id": "metrics/visitors",
        "sort": "desc"
      },
      {
        "columnId": "1",
        "id": "metrics/visits",
        "sort": "desc"
      }
    ]
  },
  "settings": {
    "countRepeatInstances": true,
    "includeAnnotations": true,
    "page": 0,
    "nonesBehavior": "return-nones",
    "limit": 10
  }
}
2026-07-07 11:03:23,644  DEBUG     adobe_downloader.core.rate_limiter  execute:90  Rate limiter: executing request unknown
2026-07-07 11:03:23,645  DEBUG     httpcore.http11  atrace:87  send_request_headers.started request=<Request [b'POST']>
2026-07-07 11:03:23,645  DEBUG     httpcore.http11  atrace:87  send_request_headers.complete
2026-07-07 11:03:23,645  DEBUG     httpcore.http11  atrace:87  send_request_body.started request=<Request [b'POST']>
2026-07-07 11:03:23,645  DEBUG     httpcore.http11  atrace:87  send_request_body.complete
2026-07-07 11:03:23,645  DEBUG     httpcore.http11  atrace:87  receive_response_headers.started request=<Request [b'POST']>
2026-07-07 11:03:25,659  DEBUG     httpcore.http11  atrace:87  receive_response_headers.complete return_value=(b'HTTP/1.1', 200, b'OK', [(b'Server', b'openresty'), (b'Date', b'Tue, 07 Jul 2026 10:03:26 GMT'), (b'Content-Type', b'application/json;charset=UTF-8'), (b'Content-Length', b'339'), (b'Connection', b'keep-alive'), (b'x-request-id', b'HIwsHBFEqwecZeGXyGby188fFT5f5kzV'), (b'xserver', b'reporting-deployment-c8cfdc8d6-h7jf5'), (b'x-correlation-id', b'HIwsHBFEqwecZeGXyGby188fFT5f5kzV-0'), (b'cache-control', b'no-cache, no-store, must-revalidate'), (b'pragma', b'no-cache'), (b'expires', b'0'), (b'strict-transport-security', b'max-age=31622400; includeSubDomains'), (b'xserver-responsetime', b'1940'), (b'Access-Control-Allow-Origin', b'*'), (b'Access-Control-Allow-Credentials', b'true'), (b'Access-Control-Max-Age', b'60'), (b'Access-Control-Allow-Methods', b'GET, POST, PATCH, PUT, DELETE, OPTIONS'), (b'Access-Control-Allow-Headers', b'Content-Type,X-Requested-With,accept,Origin,Access-Control-Request-Method,Access-Control-Request-Headers, api-key, Authorization, x-proxy-company, x-proxy-company-id,x-proxy-global-company-id, x-proxy-username, x-proxy-userid, x-request-id,x-api-key, x-gw-ims-org-id'), (b'Access-Control-Expose-Headers', b'Date'), (b'X-Debug-Region', b'eu-west-1')])
2026-07-07 11:03:25,660  INFO      httpx  _send_single_request:1740  HTTP Request: POST https://analytics.adobe.io/api/legend0/reports "HTTP/1.1 200 OK"
2026-07-07 11:03:25,661  DEBUG     httpcore.http11  atrace:87  receive_response_body.started request=<Request [b'POST']>
2026-07-07 11:03:25,661  DEBUG     httpcore.http11  atrace:87  receive_response_body.complete
2026-07-07 11:03:25,661  DEBUG     httpcore.http11  atrace:87  response_closed.started
2026-07-07 11:03:25,661  DEBUG     httpcore.http11  atrace:87  response_closed.complete
2026-07-07 11:03:25,663  DEBUG     adobe_downloader.flows.rsid_update  run_rsid_update:204  OK  CasinoOnlinecouk  visits=3159
2026-07-07 11:03:25,687  DEBUG     adobe_downloader.core.api_client  _post:91  POST https://analytics.adobe.io/api/legend0/reports
2026-07-07 11:03:25,687  DEBUG     adobe_downloader.core.api_client  _post:92    headers: {'Authorization': 'Bearer ***', 'x-api-key': '9585bf3b8c6f4d188ad6a1c1e8b8cd57', 'x-proxy-global-company-id': 'legend0', 'x-gw-ims-org-id': '9CE579FD5DCD8B590A495E09@AdobeOrg'}
2026-07-07 11:03:25,687  DEBUG     adobe_downloader.core.api_client  _post:94    body:
{
  "rsid": "triumph.global.development",
  "globalFilters": [
    {
      "type": "dateRange",
      "dateRange": "2026-04-01T00:00:00.000/2026-06-30T00:00:00.000"
    },
    {
      "type": "segment",
      "segmentId": "s3938_61bb0165a88ab931afa78e4c"
    }
  ],
  "metricContainer": {
    "metrics": [
      {
        "columnId": "0",
        "id": "metrics/visitors",
        "sort": "desc"
      },
      {
        "columnId": "1",
        "id": "metrics/visits",
        "sort": "desc"
      }
    ]
  },
  "settings": {
    "countRepeatInstances": true,
    "includeAnnotations": true,
    "page": 0,
    "nonesBehavior": "return-nones",
    "limit": 10
  }
}
2026-07-07 11:03:25,687  DEBUG     adobe_downloader.core.rate_limiter  execute:90  Rate limiter: executing request unknown
2026-07-07 11:03:25,689  DEBUG     httpcore.http11  atrace:87  send_request_headers.started request=<Request [b'POST']>
2026-07-07 11:03:25,690  DEBUG     httpcore.http11  atrace:87  send_request_headers.complete
2026-07-07 11:03:25,690  DEBUG     httpcore.http11  atrace:87  send_request_body.started request=<Request [b'POST']>
2026-07-07 11:03:25,690  DEBUG     httpcore.http11  atrace:87  send_request_body.complete
2026-07-07 11:03:25,690  DEBUG     httpcore.http11  atrace:87  receive_response_headers.started request=<Request [b'POST']>
2026-07-07 11:03:52,264  DEBUG     httpcore.http11  atrace:87  receive_response_headers.complete return_value=(b'HTTP/1.1', 200, b'OK', [(b'Server', b'openresty'), (b'Date', b'Tue, 07 Jul 2026 10:03:52 GMT'), (b'Content-Type', b'application/json;charset=UTF-8'), (b'Content-Length', b'333'), (b'Connection', b'keep-alive'), (b'x-request-id', b'XOQnHtwsZ1uLpBds6OvwfChM6ToZxlZD'), (b'xserver-responsetime', b'26496'), (b'xserver', b'reporting-deployment-c8cfdc8d6-gdqf7'), (b'x-correlation-id', b'XOQnHtwsZ1uLpBds6OvwfChM6ToZxlZD-0'), (b'cache-control', b'no-cache, no-store, must-revalidate'), (b'pragma', b'no-cache'), (b'expires', b'0'), (b'strict-transport-security', b'max-age=31622400; includeSubDomains'), (b'Access-Control-Allow-Origin', b'*'), (b'Access-Control-Allow-Credentials', b'true'), (b'Access-Control-Max-Age', b'60'), (b'Access-Control-Allow-Methods', b'GET, POST, PATCH, PUT, DELETE, OPTIONS'), (b'Access-Control-Allow-Headers', b'Content-Type,X-Requested-With,accept,Origin,Access-Control-Request-Method,Access-Control-Request-Headers, api-key, Authorization, x-proxy-company, x-proxy-company-id,x-proxy-global-company-id, x-proxy-username, x-proxy-userid, x-request-id,x-api-key, x-gw-ims-org-id'), (b'Access-Control-Expose-Headers', b'Date'), (b'X-Debug-Region', b'eu-west-1')])
2026-07-07 11:03:52,265  INFO      httpx  _send_single_request:1740  HTTP Request: POST https://analytics.adobe.io/api/legend0/reports "HTTP/1.1 200 OK"
2026-07-07 11:03:52,265  DEBUG     httpcore.http11  atrace:87  receive_response_body.started request=<Request [b'POST']>
2026-07-07 11:03:52,266  DEBUG     httpcore.http11  atrace:87  receive_response_body.complete
2026-07-07 11:03:52,266  DEBUG     httpcore.http11  atrace:87  response_closed.started
2026-07-07 11:03:52,266  DEBUG     httpcore.http11  atrace:87  response_closed.complete
2026-07-07 11:03:52,268  DEBUG     adobe_downloader.flows.rsid_update  run_rsid_update:204  OK  GLOBALDEVELOPMENTREPORTSUITE  visits=123
2026-07-07 11:03:52,294  DEBUG     adobe_downloader.core.api_client  _post:91  POST https://analytics.adobe.io/api/legend0/reports
2026-07-07 11:03:52,294  DEBUG     adobe_downloader.core.api_client  _post:92    headers: {'Authorization': 'Bearer ***', 'x-api-key': '9585bf3b8c6f4d188ad6a1c1e8b8cd57', 'x-proxy-global-company-id': 'legend0', 'x-gw-ims-org-id': '9CE579FD5DCD8B590A495E09@AdobeOrg'}
2026-07-07 11:03:52,294  DEBUG     adobe_downloader.core.api_client  _post:94    body:
{
  "rsid": "triumphantlgndprod",
  "globalFilters": [
    {
      "type": "dateRange",
      "dateRange": "2026-04-01T00:00:00.000/2026-06-30T00:00:00.000"
    },
    {
      "type": "segment",
      "segmentId": "s3938_61bb0165a88ab931afa78e4c"
    }
  ],
  "metricContainer": {
    "metrics": [
      {
        "columnId": "0",
        "id": "metrics/visitors",
        "sort": "desc"
      },
      {
        "columnId": "1",
        "id": "metrics/visits",
        "sort": "desc"
      }
    ]
  },
  "settings": {
    "countRepeatInstances": true,
    "includeAnnotations": true,
    "page": 0,
    "nonesBehavior": "return-nones",
    "limit": 10
  }
}
2026-07-07 11:03:52,294  DEBUG     adobe_downloader.core.rate_limiter  execute:90  Rate limiter: executing request unknown
2026-07-07 11:03:52,295  DEBUG     httpcore.http11  atrace:87  send_request_headers.started request=<Request [b'POST']>
2026-07-07 11:03:52,296  DEBUG     httpcore.http11  atrace:87  send_request_headers.complete
2026-07-07 11:03:52,296  DEBUG     httpcore.http11  atrace:87  send_request_body.started request=<Request [b'POST']>
2026-07-07 11:03:52,296  DEBUG     httpcore.http11  atrace:87  send_request_body.complete
2026-07-07 11:03:52,296  DEBUG     httpcore.http11  atrace:87  receive_response_headers.started request=<Request [b'POST']>
2026-07-07 11:03:54,565  DEBUG     httpcore.http11  atrace:87  receive_response_headers.complete return_value=(b'HTTP/1.1', 200, b'OK', [(b'Server', b'openresty'), (b'Date', b'Tue, 07 Jul 2026 10:03:55 GMT'), (b'Content-Type', b'application/json;charset=UTF-8'), (b'Content-Length', b'327'), (b'Connection', b'keep-alive'), (b'x-request-id', b'8auwRyHfmZ7sMhzkoNa7XCEDBdLtSTic'), (b'xserver', b'reporting-deployment-c8cfdc8d6-wpmh2'), (b'x-correlation-id', b'8auwRyHfmZ7sMhzkoNa7XCEDBdLtSTic-0'), (b'cache-control', b'no-cache, no-store, must-revalidate'), (b'pragma', b'no-cache'), (b'expires', b'0'), (b'strict-transport-security', b'max-age=31622400; includeSubDomains'), (b'xserver-responsetime', b'2188'), (b'Access-Control-Allow-Origin', b'*'), (b'Access-Control-Allow-Credentials', b'true'), (b'Access-Control-Max-Age', b'60'), (b'Access-Control-Allow-Methods', b'GET, POST, PATCH, PUT, DELETE, OPTIONS'), (b'Access-Control-Allow-Headers', b'Content-Type,X-Requested-With,accept,Origin,Access-Control-Request-Method,Access-Control-Request-Headers, api-key, Authorization, x-proxy-company, x-proxy-company-id,x-proxy-global-company-id, x-proxy-username, x-proxy-userid, x-request-id,x-api-key, x-gw-ims-org-id'), (b'Access-Control-Expose-Headers', b'Date'), (b'X-Debug-Region', b'eu-west-1')])
2026-07-07 11:03:54,565  INFO      httpx  _send_single_request:1740  HTTP Request: POST https://analytics.adobe.io/api/legend0/reports "HTTP/1.1 200 OK"
2026-07-07 11:03:54,566  DEBUG     httpcore.http11  atrace:87  receive_response_body.started request=<Request [b'POST']>
2026-07-07 11:03:54,566  DEBUG     httpcore.http11  atrace:87  receive_response_body.complete
2026-07-07 11:03:54,566  DEBUG     httpcore.http11  atrace:87  response_closed.started
2026-07-07 11:03:54,566  DEBUG     httpcore.http11  atrace:87  response_closed.complete
2026-07-07 11:03:54,567  DEBUG     adobe_downloader.flows.rsid_update  run_rsid_update:204  OK  Legend  visits=1
2026-07-07 11:03:54,593  DEBUG     adobe_downloader.core.api_client  _post:91  POST https://analytics.adobe.io/api/legend0/reports
2026-07-07 11:03:54,593  DEBUG     adobe_downloader.core.api_client  _post:92    headers: {'Authorization': 'Bearer ***', 'x-api-key': '9585bf3b8c6f4d188ad6a1c1e8b8cd57', 'x-proxy-global-company-id': 'legend0', 'x-gw-ims-org-id': '9CE579FD5DCD8B590A495E09@AdobeOrg'}
2026-07-07 11:03:54,593  DEBUG     adobe_downloader.core.api_client  _post:94    body:
{
  "rsid": "trivalvewebsdktest",
  "globalFilters": [
    {
      "type": "dateRange",
      "dateRange": "2026-04-01T00:00:00.000/2026-06-30T00:00:00.000"
    },
    {
      "type": "segment",
      "segmentId": "s3938_61bb0165a88ab931afa78e4c"
    }
  ],
  "metricContainer": {
    "metrics": [
      {
        "columnId": "0",
        "id": "metrics/visitors",
        "sort": "desc"
      },
      {
        "columnId": "1",
        "id": "metrics/visits",
        "sort": "desc"
      }
    ]
  },
  "settings": {
    "countRepeatInstances": true,
    "includeAnnotations": true,
    "page": 0,
    "nonesBehavior": "return-nones",
    "limit": 10
  }
}
2026-07-07 11:03:54,594  DEBUG     adobe_downloader.core.rate_limiter  execute:90  Rate limiter: executing request unknown
2026-07-07 11:03:54,594  DEBUG     httpcore.http11  atrace:87  send_request_headers.started request=<Request [b'POST']>
2026-07-07 11:03:54,595  DEBUG     httpcore.http11  atrace:87  send_request_headers.complete
2026-07-07 11:03:54,595  DEBUG     httpcore.http11  atrace:87  send_request_body.started request=<Request [b'POST']>
2026-07-07 11:03:54,595  DEBUG     httpcore.http11  atrace:87  send_request_body.complete
2026-07-07 11:03:54,595  DEBUG     httpcore.http11  atrace:87  receive_response_headers.started request=<Request [b'POST']>
2026-07-07 11:04:08,579  DEBUG     httpcore.http11  atrace:87  receive_response_headers.complete return_value=(b'HTTP/1.1', 200, b'OK', [(b'Server', b'openresty'), (b'Date', b'Tue, 07 Jul 2026 10:04:09 GMT'), (b'Content-Type', b'application/json;charset=UTF-8'), (b'Content-Length', b'347'), (b'Connection', b'keep-alive'), (b'x-request-id', b'ED3FmUC2h7xboxstR4te8RVwR4783hCk'), (b'xserver', b'reporting-deployment-c8cfdc8d6-h7jf5'), (b'x-correlation-id', b'ED3FmUC2h7xboxstR4te8RVwR4783hCk-0'), (b'cache-control', b'no-cache, no-store, must-revalidate'), (b'pragma', b'no-cache'), (b'expires', b'0'), (b'strict-transport-security', b'max-age=31622400; includeSubDomains'), (b'xserver-responsetime', b'13906'), (b'Access-Control-Allow-Origin', b'*'), (b'Access-Control-Allow-Credentials', b'true'), (b'Access-Control-Max-Age', b'60'), (b'Access-Control-Allow-Methods', b'GET, POST, PATCH, PUT, DELETE, OPTIONS'), (b'Access-Control-Allow-Headers', b'Content-Type,X-Requested-With,accept,Origin,Access-Control-Request-Method,Access-Control-Request-Headers, api-key, Authorization, x-proxy-company, x-proxy-company-id,x-proxy-global-company-id, x-proxy-username, x-proxy-userid, x-request-id,x-api-key, x-gw-ims-org-id'), (b'Access-Control-Expose-Headers', b'Date'), (b'X-Debug-Region', b'eu-west-1')])
2026-07-07 11:04:08,579  INFO      httpx  _send_single_request:1740  HTTP Request: POST https://analytics.adobe.io/api/legend0/reports "HTTP/1.1 200 OK"
2026-07-07 11:04:08,580  DEBUG     httpcore.http11  atrace:87  receive_response_body.started request=<Request [b'POST']>
2026-07-07 11:04:08,580  DEBUG     httpcore.http11  atrace:87  receive_response_body.complete
2026-07-07 11:04:08,581  DEBUG     httpcore.http11  atrace:87  response_closed.started
2026-07-07 11:04:08,581  DEBUG     httpcore.http11  atrace:87  response_closed.complete
2026-07-07 11:04:08,581  DEBUG     adobe_downloader.flows.rsid_update  run_rsid_update:204  OK  WebSDKTest  visits=182258
2026-07-07 11:04:08,607  DEBUG     adobe_downloader.core.api_client  _post:91  POST https://analytics.adobe.io/api/legend0/reports
2026-07-07 11:04:08,607  DEBUG     adobe_downloader.core.api_client  _post:92    headers: {'Authorization': 'Bearer ***', 'x-api-key': '9585bf3b8c6f4d188ad6a1c1e8b8cd57', 'x-proxy-global-company-id': 'legend0', 'x-gw-ims-org-id': '9CE579FD5DCD8B590A495E09@AdobeOrg'}
2026-07-07 11:04:08,608  DEBUG     adobe_downloader.core.api_client  _post:94    body:
{
  "rsid": "trivialitycasinoconz",
  "globalFilters": [
    {
      "type": "dateRange",
      "dateRange": "2026-04-01T00:00:00.000/2026-06-30T00:00:00.000"
    },
    {
      "type": "segment",
      "segmentId": "s3938_61bb0165a88ab931afa78e4c"
    }
  ],
  "metricContainer": {
    "metrics": [
      {
        "columnId": "0",
        "id": "metrics/visitors",
        "sort": "desc"
      },
      {
        "columnId": "1",
        "id": "metrics/visits",
        "sort": "desc"
      }
    ]
  },
  "settings": {
    "countRepeatInstances": true,
    "includeAnnotations": true,
    "page": 0,
    "nonesBehavior": "return-nones",
    "limit": 10
  }
}
2026-07-07 11:04:08,608  DEBUG     adobe_downloader.core.rate_limiter  execute:90  Rate limiter: executing request unknown
2026-07-07 11:04:08,608  DEBUG     httpcore.http11  atrace:87  send_request_headers.started request=<Request [b'POST']>
2026-07-07 11:04:08,609  DEBUG     httpcore.http11  atrace:87  send_request_headers.complete
2026-07-07 11:04:08,609  DEBUG     httpcore.http11  atrace:87  send_request_body.started request=<Request [b'POST']>
2026-07-07 11:04:08,609  DEBUG     httpcore.http11  atrace:87  send_request_body.complete
2026-07-07 11:04:08,609  DEBUG     httpcore.http11  atrace:87  receive_response_headers.started request=<Request [b'POST']>
2026-07-07 11:04:10,874  DEBUG     httpcore.http11  atrace:87  receive_response_headers.complete return_value=(b'HTTP/1.1', 200, b'OK', [(b'Server', b'openresty'), (b'Date', b'Tue, 07 Jul 2026 10:04:11 GMT'), (b'Content-Type', b'application/json;charset=UTF-8'), (b'Content-Length', b'339'), (b'Connection', b'keep-alive'), (b'x-request-id', b'Xwkf8xleAiAXkBHyMgaxgB8kCCfw5zL7'), (b'xserver-responsetime', b'2191'), (b'xserver', b'reporting-deployment-c8cfdc8d6-gdqf7'), (b'x-correlation-id', b'Xwkf8xleAiAXkBHyMgaxgB8kCCfw5zL7-0'), (b'cache-control', b'no-cache, no-store, must-revalidate'), (b'pragma', b'no-cache'), (b'expires', b'0'), (b'strict-transport-security', b'max-age=31622400; includeSubDomains'), (b'Access-Control-Allow-Origin', b'*'), (b'Access-Control-Allow-Credentials', b'true'), (b'Access-Control-Max-Age', b'60'), (b'Access-Control-Allow-Methods', b'GET, POST, PATCH, PUT, DELETE, OPTIONS'), (b'Access-Control-Allow-Headers', b'Content-Type,X-Requested-With,accept,Origin,Access-Control-Request-Method,Access-Control-Request-Headers, api-key, Authorization, x-proxy-company, x-proxy-company-id,x-proxy-global-company-id, x-proxy-username, x-proxy-userid, x-request-id,x-api-key, x-gw-ims-org-id'), (b'Access-Control-Expose-Headers', b'Date'), (b'X-Debug-Region', b'eu-west-1')])
2026-07-07 11:04:10,875  INFO      httpx  _send_single_request:1740  HTTP Request: POST https://analytics.adobe.io/api/legend0/reports "HTTP/1.1 200 OK"
2026-07-07 11:04:10,876  DEBUG     httpcore.http11  atrace:87  receive_response_body.started request=<Request [b'POST']>
2026-07-07 11:04:10,876  DEBUG     httpcore.http11  atrace:87  receive_response_body.complete
2026-07-07 11:04:10,876  DEBUG     httpcore.http11  atrace:87  response_closed.started
2026-07-07 11:04:10,876  DEBUG     httpcore.http11  atrace:87  response_closed.complete
2026-07-07 11:04:10,878  DEBUG     adobe_downloader.flows.rsid_update  run_rsid_update:204  OK  Casinoconz  visits=1676
2026-07-07 11:04:10,901  DEBUG     adobe_downloader.core.api_client  _post:91  POST https://analytics.adobe.io/api/legend0/reports
2026-07-07 11:04:10,901  DEBUG     adobe_downloader.core.api_client  _post:92    headers: {'Authorization': 'Bearer ***', 'x-api-key': '9585bf3b8c6f4d188ad6a1c1e8b8cd57', 'x-proxy-global-company-id': 'legend0', 'x-gw-ims-org-id': '9CE579FD5DCD8B590A495E09@AdobeOrg'}
2026-07-07 11:04:10,901  DEBUG     adobe_downloader.core.api_client  _post:94    body:
{
  "rsid": "triviumcasinoch",
  "globalFilters": [
    {
      "type": "dateRange",
      "dateRange": "2026-04-01T00:00:00.000/2026-06-30T00:00:00.000"
    },
    {
      "type": "segment",
      "segmentId": "s3938_61bb0165a88ab931afa78e4c"
    }
  ],
  "metricContainer": {
    "metrics": [
      {
        "columnId": "0",
        "id": "metrics/visitors",
        "sort": "desc"
      },
      {
        "columnId": "1",
        "id": "metrics/visits",
        "sort": "desc"
      }
    ]
  },
  "settings": {
    "countRepeatInstances": true,
    "includeAnnotations": true,
    "page": 0,
    "nonesBehavior": "return-nones",
    "limit": 10
  }
}
2026-07-07 11:04:10,901  DEBUG     adobe_downloader.core.rate_limiter  execute:90  Rate limiter: executing request unknown
2026-07-07 11:04:10,902  DEBUG     httpcore.http11  atrace:87  send_request_headers.started request=<Request [b'POST']>
2026-07-07 11:04:10,903  DEBUG     httpcore.http11  atrace:87  send_request_headers.complete
2026-07-07 11:04:10,903  DEBUG     httpcore.http11  atrace:87  send_request_body.started request=<Request [b'POST']>
2026-07-07 11:04:10,903  DEBUG     httpcore.http11  atrace:87  send_request_body.complete
2026-07-07 11:04:10,903  DEBUG     httpcore.http11  atrace:87  receive_response_headers.started request=<Request [b'POST']>
2026-07-07 11:04:16,886  DEBUG     httpcore.http11  atrace:87  receive_response_headers.complete return_value=(b'HTTP/1.1', 200, b'OK', [(b'Server', b'openresty'), (b'Date', b'Tue, 07 Jul 2026 10:04:17 GMT'), (b'Content-Type', b'application/json;charset=UTF-8'), (b'Content-Length', b'343'), (b'Connection', b'keep-alive'), (b'x-request-id', b'ZQ8rO1N5t7ngrHW1Boc8ikUP7CKJPCSm'), (b'xserver', b'reporting-deployment-c8cfdc8d6-h7jf5'), (b'x-correlation-id', b'ZQ8rO1N5t7ngrHW1Boc8ikUP7CKJPCSm-0'), (b'cache-control', b'no-cache, no-store, must-revalidate'), (b'pragma', b'no-cache'), (b'expires', b'0'), (b'strict-transport-security', b'max-age=31622400; includeSubDomains'), (b'xserver-responsetime', b'5911'), (b'Access-Control-Allow-Origin', b'*'), (b'Access-Control-Allow-Credentials', b'true'), (b'Access-Control-Max-Age', b'60'), (b'Access-Control-Allow-Methods', b'GET, POST, PATCH, PUT, DELETE, OPTIONS'), (b'Access-Control-Allow-Headers', b'Content-Type,X-Requested-With,accept,Origin,Access-Control-Request-Method,Access-Control-Request-Headers, api-key, Authorization, x-proxy-company, x-proxy-company-id,x-proxy-global-company-id, x-proxy-username, x-proxy-userid, x-request-id,x-api-key, x-gw-ims-org-id'), (b'Access-Control-Expose-Headers', b'Date'), (b'X-Debug-Region', b'eu-west-1')])
2026-07-07 11:04:16,887  INFO      httpx  _send_single_request:1740  HTTP Request: POST https://analytics.adobe.io/api/legend0/reports "HTTP/1.1 200 OK"
2026-07-07 11:04:16,887  DEBUG     httpcore.http11  atrace:87  receive_response_body.started request=<Request [b'POST']>
2026-07-07 11:04:16,888  DEBUG     httpcore.http11  atrace:87  receive_response_body.complete
2026-07-07 11:04:16,888  DEBUG     httpcore.http11  atrace:87  response_closed.started
2026-07-07 11:04:16,888  DEBUG     httpcore.http11  atrace:87  response_closed.complete
2026-07-07 11:04:16,889  DEBUG     adobe_downloader.flows.rsid_update  run_rsid_update:204  OK  Casinoch  visits=55935
2026-07-07 11:04:16,913  DEBUG     adobe_downloader.core.api_client  _post:91  POST https://analytics.adobe.io/api/legend0/reports
2026-07-07 11:04:16,913  DEBUG     adobe_downloader.core.api_client  _post:92    headers: {'Authorization': 'Bearer ***', 'x-api-key': '9585bf3b8c6f4d188ad6a1c1e8b8cd57', 'x-proxy-global-company-id': 'legend0', 'x-gw-ims-org-id': '9CE579FD5DCD8B590A495E09@AdobeOrg'}
2026-07-07 11:04:16,913  DEBUG     adobe_downloader.core.api_client  _post:94    body:
{
  "rsid": "triwelt",
  "globalFilters": [
    {
      "type": "dateRange",
      "dateRange": "2026-04-01T00:00:00.000/2026-06-30T00:00:00.000"
    },
    {
      "type": "segment",
      "segmentId": "s3938_61bb0165a88ab931afa78e4c"
    }
  ],
  "metricContainer": {
    "metrics": [
      {
        "columnId": "0",
        "id": "metrics/visitors",
        "sort": "desc"
      },
      {
        "columnId": "1",
        "id": "metrics/visits",
        "sort": "desc"
      }
    ]
  },
  "settings": {
    "countRepeatInstances": true,
    "includeAnnotations": true,
    "page": 0,
    "nonesBehavior": "return-nones",
    "limit": 10
  }
}
2026-07-07 11:04:16,913  DEBUG     adobe_downloader.core.rate_limiter  execute:90  Rate limiter: executing request unknown
2026-07-07 11:04:16,914  DEBUG     httpcore.http11  atrace:87  send_request_headers.started request=<Request [b'POST']>
2026-07-07 11:04:16,914  DEBUG     httpcore.http11  atrace:87  send_request_headers.complete
2026-07-07 11:04:16,914  DEBUG     httpcore.http11  atrace:87  send_request_body.started request=<Request [b'POST']>
2026-07-07 11:04:16,914  DEBUG     httpcore.http11  atrace:87  send_request_body.complete
2026-07-07 11:04:16,915  DEBUG     httpcore.http11  atrace:87  receive_response_headers.started request=<Request [b'POST']>
2026-07-07 11:04:19,441  DEBUG     httpcore.http11  atrace:87  receive_response_headers.complete return_value=(b'HTTP/1.1', 200, b'OK', [(b'Server', b'openresty'), (b'Date', b'Tue, 07 Jul 2026 10:04:19 GMT'), (b'Content-Type', b'application/json;charset=UTF-8'), (b'Content-Length', b'343'), (b'Connection', b'keep-alive'), (b'x-request-id', b'uE264MItRGLCp0vEfM0jfSVif8eIJHgt'), (b'xserver-responsetime', b'2450'), (b'xserver', b'reporting-deployment-c8cfdc8d6-scd69'), (b'x-correlation-id', b'uE264MItRGLCp0vEfM0jfSVif8eIJHgt-0'), (b'cache-control', b'no-cache, no-store, must-revalidate'), (b'pragma', b'no-cache'), (b'expires', b'0'), (b'strict-transport-security', b'max-age=31622400; includeSubDomains'), (b'Access-Control-Allow-Origin', b'*'), (b'Access-Control-Allow-Credentials', b'true'), (b'Access-Control-Max-Age', b'60'), (b'Access-Control-Allow-Methods', b'GET, POST, PATCH, PUT, DELETE, OPTIONS'), (b'Access-Control-Allow-Headers', b'Content-Type,X-Requested-With,accept,Origin,Access-Control-Request-Method,Access-Control-Request-Headers, api-key, Authorization, x-proxy-company, x-proxy-company-id,x-proxy-global-company-id, x-proxy-username, x-proxy-userid, x-request-id,x-api-key, x-gw-ims-org-id'), (b'Access-Control-Expose-Headers', b'Date'), (b'X-Debug-Region', b'eu-west-1')])
2026-07-07 11:04:19,442  INFO      httpx  _send_single_request:1740  HTTP Request: POST https://analytics.adobe.io/api/legend0/reports "HTTP/1.1 200 OK"
2026-07-07 11:04:19,443  DEBUG     httpcore.http11  atrace:87  receive_response_body.started request=<Request [b'POST']>
2026-07-07 11:04:19,443  DEBUG     httpcore.http11  atrace:87  receive_response_body.complete
2026-07-07 11:04:19,443  DEBUG     httpcore.http11  atrace:87  response_closed.started
2026-07-07 11:04:19,444  DEBUG     httpcore.http11  atrace:87  response_closed.complete
2026-07-07 11:04:19,445  DEBUG     adobe_downloader.flows.rsid_update  run_rsid_update:204  OK  Weltde  visits=20096
2026-07-07 11:04:19,445  INFO      adobe_downloader.flows.rsid_update  run_rsid_update:212  Excluded 5 suites from exclusion list
2026-07-07 11:04:19,445  INFO      adobe_downloader.flows.rsid_update  run_rsid_update:225  Investigation: 14/77, Validation: 57/77 (threshold 250000/1000)
2026-07-07 11:04:19,451  INFO      adobe_downloader.flows.rsid_update  _archive_file:75  Archived botInvestigationMinThresholdVisits.txt -> botInvestigationMinThresholdVisits_20260707.txt
2026-07-07 11:04:19,454  INFO      adobe_downloader.flows.rsid_update  _archive_file:75  Archived botValidationRsidList.txt -> botValidationRsidList_20260707.txt
2026-07-07 11:04:19,458  INFO      adobe_downloader.flows.rsid_update  run_rsid_update:257  Written: botInvestigationMinThresholdVisits.txt (14)
2026-07-07 11:04:19,458  INFO      adobe_downloader.flows.rsid_update  run_rsid_update:258  Written: botValidationRsidList.txt (57)
2026-07-07 11:04:19,459  DEBUG     httpcore.connection  atrace:87  close.started
2026-07-07 11:04:19,459  DEBUG     httpcore.connection  atrace:87  close.complete
